usr;condition;sentence;f/s;duration;amplitude
017;vs;1;f;117.3;0
017;vs;1;f;82.7;0
017;vs;1;f;215.8;0
017;vs;1;f;166.4;0
017;vs;1;f;116.0;0
017;vs;1;f;81.6;0
017;vs;1;f;200.1;0
017;vs;1;f;83.8;0
017;vs;1;f;181.3;0
017;vs;1;f;117.3;0
017;vs;1;f;215.7;0
017;vs;1;f;117.3;0
017;vs;1;f;165.8;0
017;vs;1;f;133.5;0
017;vs;1;f;115.3;0
017;vs;1;f;132.7;0
017;vs;1;f;117.5;0
017;vs;1;f;514.3;0
017;vs;1;f;149.4;0
017;vs;1;f;149.1;0
017;vs;1;f;99.2;0
017;vs;1;f;133.2;0
017;vs;1;f;84.0;0
017;vs;1;f;100.0;0
017;vs;1;f;166.5;0
017;vs;1;f;133.8;0
017;vs;1;f;199.9;0
017;vs;1;f;99.9;0
017;vs;1;f;233.1;0
017;vs;1;s;134.5;-13.734
017;vs;1;s;49.3;4.15
017;vs;1;s;49.2;3.938
017;vs;1;s;66.4;-1.809
017;vs;1;s;116.6;11.348
017;vs;1;s;100.1;6.307
017;vs;1;s;100.0;4.291
017;vs;1;s;133.0;7.057
017;vs;1;s;66.8;3.308
017;vs;1;s;50.5;1.057
017;vs;1;s;66.3;1.681
017;vs;1;s;133.6;-30.917
017;vs;1;s;133.1;10.835
017;vs;1;s;49.7;-1.389
017;vs;1;s;99.7;4.606
017;vs;1;s;150.8;-16.574
017;vs;1;s;134.2;15.585
017;vs;1;s;83.5;3.368
017;vs;1;s;118.0;-17.847
017;vs;1;s;117.7;-13.223
017;vs;1;s;66.9;2.866
017;vs;1;s;49.1;1.246
017;vs;1;s;134.5;9.019
017;vs;1;s;50.3;-1.989
017;vs;1;s;66.6;-3.677
017;vs;1;s;66.8;-5.823
017;vs;1;s;134.1;9.946
017;vs;1;s;133.3;14.525
017;vs;1;s;84.2;3.493
017;vs;1;s;66.4;-9.404
017;vs;1;s;99.9;5.813
017;vs;1;s;99.4;-6.985
017;vs;1;s;117.2;-6.449
017;vs;1;s;116.9;13.639
017;vs;2;f;133.1;0
017;vs;2;f;133.1;0
017;vs;2;f;216.8;0
017;vs;2;f;100.2;0
017;vs;2;f;214.4;0
017;vs;2;f;115.9;0
017;vs;2;f;150.3;0
017;vs;2;f;133.3;0
017;vs;2;f;98.8;0
017;vs;2;f;183.9;0
017;vs;2;f;149.7;0
017;vs;2;f;131.7;0
017;vs;2;f;184.0;0
017;vs;2;f;133.5;0
017;vs;2;f;549.2;0
017;vs;2;f;132.4;0
017;vs;2;f;166.8;0
017;vs;2;f;182.2;0
017;vs;2;f;166.7;0
017;vs;2;f;265.9;0
017;vs;2;f;199.2;0
017;vs;2;f;100.0;0
017;vs;2;f;132.2;0
017;vs;2;f;99.9;0
017;vs;2;f;215.8;0
017;vs;2;f;117.1;0
017;vs;2;f;99.6;0
017;vs;2;f;181.6;0
017;vs;2;s;100.0;-6.573
017;vs;2;s;117.4;9.073
017;vs;2;s;66.4;-2.202
017;vs;2;s;116.3;13.388
017;vs;2;s;66.3;-3.204
017;vs;2;s;67.5;5.426
017;vs;2;s;48.4;1.248
017;vs;2;s;49.6;1.507
017;vs;2;s;49.2;1.882
017;vs;2;s;84.1;3.867
017;vs;2;s;49.3;2.99
017;vs;2;s;49.2;-2.786
017;vs;2;s;150.8;-18.615
017;vs;2;s;50.6;1.091
017;vs;2;s;82.6;-3.488
017;vs;2;s;134.6;-13.718
017;vs;2;s;84.1;11.763
017;vs;2;s;50.3;0.956
017;vs;2;s;133.3;7.625
017;vs;2;s;134.3;-11.214
017;vs;2;s;134.1;8.044
017;vs;2;s;49.7;-4.31
017;vs;2;s;117.9;5.743
017;vs;2;s;66.6;2.324
017;vs;2;s;117.5;-13.449
017;vs;2;s;100.9;9.451
017;vs;2;s;84.2;5.074
017;vs;2;s;67.5;4.346
017;vs;2;s;49.5;2.309
017;vs;2;s;50.5;1.294
017;vs;2;s;133.5;-19.056
017;vs;2;s;50.5;-1.022
017;vs;2;s;133.4;6.143
017;vs;2;s;83.3;-16.726
017;vs;2;s;49.1;-2.252
017;vs;2;s;100.7;13.577
017;vs;3;f;133.2;0
017;vs;3;f;183.8;0
017;vs;3;f;150.1;0
017;vs;3;f;82.6;0
017;vs;3;f;166.8;0
017;vs;3;f;149.1;0
017;vs;3;f;233.1;0
017;vs;3;f;199.6;0
017;vs;3;f;99.8;0
017;vs;3;f;116.6;0
017;vs;3;f;283.9;0
017;vs;3;f;99.7;0
017;vs;3;f;100.1;0
017;vs;3;f;83.8;0
017;vs;3;f;315.9;0
017;vs;3;f;183.2;0
017;vs;3;f;216.1;0
017;vs;3;f;216.4;0
017;vs;3;f;932.5;0
017;vs;3;f;217.0;0
017;vs;3;f;348.3;0
017;vs;3;f;233.4;0
017;vs;3;f;133.4;0
017;vs;3;f;516.3;0
017;vs;3;s;100.0;3.869
017;vs;3;s;66.6;-2.729
017;vs;3;s;50.4;-2.076
017;vs;3;s;116.6;6.725
017;vs;3;s;50.8;2.426
017;vs;3;s;83.4;5.753
017;vs;3;s;50.5;-5.127
017;vs;3;s;99.7;-5.138
017;vs;3;s;49.9;2.053
017;vs;3;s;66.7;1.727
017;vs;3;s;66.5;4.419
017;vs;3;s;66.6;2.037
017;vs;3;s;83.2;5.318
017;vs;3;s;116.1;5.226
017;vs;3;s;83.8;6.643
017;vs;3;s;83.5;4.518
017;vs;3;s;83.9;-21.429
017;vs;3;s;134.1;5.715
017;vs;3;s;82.8;-5.241
017;vs;3;s;66.6;2.569
017;vs;3;s;50.6;1.236
017;vs;3;s;50.5;-1.486
017;vs;3;s;101.1;-0.962
017;vs;3;s;50.2;0.951
017;vs;4;f;99.3;0
017;vs;4;f;249.8;0
017;vs;4;f;115.3;0
017;vs;4;f;183.7;0
017;vs;4;f;150.2;0
017;vs;4;f;117.2;0
017;vs;4;f;99.9;0
017;vs;4;f;82.8;0
017;vs;4;f;132.8;0
017;vs;4;f;81.4;0
017;vs;4;f;99.8;0
017;vs;4;f;166.7;0
017;vs;4;f;83.6;0
017;vs;4;f;82.7;0
017;vs;4;f;150.5;0
017;vs;4;f;166.7;0
017;vs;4;f;298.4;0
017;vs;4;f;232.8;0
017;vs;4;f;298.3;0
017;vs;4;f;216.8;0
017;vs;4;f;199.3;0
017;vs;4;f;266.2;0
017;vs;4;f;199.8;0
017;vs;4;f;166.5;0
017;vs;4;f;99.0;0
017;vs;4;f;133.4;0
017;vs;4;f;549.8;0
017;vs;4;f;299.3;0
017;vs;4;f;415.0;0
017;vs;4;s;66.5;3.676
017;vs;4;s;100.8;13.979
017;vs;4;s;99.1;-6.23
017;vs;4;s;100.8;-7.871
017;vs;4;s;100.1;-3.635
017;vs;4;s;99.7;10.464
017;vs;4;s;82.7;4.574
017;vs;4;s;117.4;-7.876
017;vs;4;s;49.2;6.144
017;vs;4;s;116.2;7.397
017;vs;4;s;100.3;6.431
017;vs;4;s;50.0;-2.775
017;vs;4;s;115.9;13.781
017;vs;4;s;49.6;-1.547
017;vs;4;s;67.0;3.926
017;vs;4;s;67.1;-21.702
017;vs;4;s;50.5;-0.986
017;vs;4;s;50.7;-1.904
017;vs;4;s;100.0;4.64
017;vs;4;s;50.0;1.571
017;vs;4;s;99.6;-7.96
017;vs;4;s;67.2;5.271
017;vs;4;s;116.6;-14.862
017;vs;4;s;50.3;4.34
017;vs;4;s;66.6;5.298
017;vs;4;s;166.9;-9.006
017;vs;4;s;116.7;8.45
017;vs;4;s;99.8;-9.124
017;vs;4;s;99.5;21.359
017;vs;4;s;116.2;7.185
017;vs;4;s;134.2;-14.578
017;vs;4;s;83.3;-6.955
017;vs;4;s;49.9;0.933
017;vs;4;s;49.7;0.533
017;vs;4;s;66.5;-10.813
017;vs;5;f;282.9;0
017;vs;5;f;100.0;0
017;vs;5;f;132.8;0
017;vs;5;f;82.8;0
017;vs;5;f;200.2;0
017;vs;5;f;116.3;0
017;vs;5;f;133.1;0
017;vs;5;f;200.1;0
017;vs;5;f;116.3;0
017;vs;5;f;150.4;0
017;vs;5;f;150.0;0
017;vs;5;f;116.2;0
017;vs;5;f;116.7;0
017;vs;5;f;116.0;0
017;vs;5;f;99.8;0
017;vs;5;f;83.6;0
017;vs;5;f;150.1;0
017;vs;5;f;166.5;0
017;vs;5;f;149.7;0
017;vs;5;f;166.4;0
017;vs;5;f;117.2;0
017;vs;5;f;115.9;0
017;vs;5;f;99.5;0
017;vs;5;f;100.0;0
017;vs;5;f;115.6;0
017;vs;5;f;100.0;0
017;vs;5;f;199.0;0
017;vs;5;f;298.7;0
017;vs;5;f;166.6;0
017;vs;5;f;451.1;0
017;vs;5;f;299.8;0
017;vs;5;f;233.0;0
017;vs;5;s;50.4;3.3
017;vs;5;s;133.5;-9.504
017;vs;5;s;99.8;-5.445
017;vs;5;s;66.7;-2.614
017;vs;5;s;116.6;6.135
017;vs;5;s;50.6;4.21
017;vs;5;s;83.4;3.409
017;vs;5;s;66.6;5.629
017;vs;5;s;49.6;-2.56
017;vs;5;s;66.7;1.277
017;vs;5;s;50.2;4.829
017;vs;5;s;66.6;4.202
017;vs;5;s;50.0;3.043
017;vs;5;s;49.3;0.928
017;vs;5;s;66.9;-3.088
017;vs;5;s;66.6;2.294
017;vs;5;s;133.2;6.21
017;vs;5;s;66.6;2.75
017;vs;5;s;100.1;3.969
017;vs;5;s;67.3;-23.441
017;vs;5;s;49.6;-0.683
017;vs;5;s;66.7;3.022
017;vs;5;s;66.7;-4.05
017;vs;5;s;133.2;-18.032
017;vs;5;s;133.6;5.324
017;vs;5;s;49.1;2.557
017;vs;5;s;133.7;7.68
017;vs;5;s;116.6;7.392
017;vs;5;s;49.7;2.879
017;vs;5;s;67.0;9.293
017;vs;5;s;49.6;0.863
017;vs;5;s;82.9;5.93
017;vs;5;s;118.0;-23.086
017;vs;5;s;167.7;-3.306
017;vs;5;s;99.4;3.886
017;vs;5;s;81.9;-3.947
017;vs;5;s;83.8;-3.517
017;vs;5;s;51.7;2.805
017;vs;5;s;66.4;4.955
017;vs;6;f;117.3;0
017;vs;6;f;133.4;0
017;vs;6;f;99.6;0
017;vs;6;f;132.8;0
017;vs;6;f;149.4;0
017;vs;6;f;133.1;0
017;vs;6;f;133.4;0
017;vs;6;f;99.5;0
017;vs;6;f;82.6;0
017;vs;6;f;183.9;0
017;vs;6;f;82.6;0
017;vs;6;f;299.3;0
017;vs;6;f;83.0;0
017;vs;6;f;199.1;0
017;vs;6;f;83.0;0
017;vs;6;f;166.4;0
017;vs;6;f;82.5;0
017;vs;6;f;150.0;0
017;vs;6;f;82.0;0
017;vs;6;f;116.8;0
017;vs;6;f;266.6;0
017;vs;6;f;300.2;0
017;vs;6;f;182.4;0
017;vs;6;f;283.6;0
017;vs;6;f;582.5;0
017;vs;6;f;632.9;0
017;vs;6;s;66.6;-16.769
017;vs;6;s;49.5;-0.73
017;vs;6;s;66.5;-2.605
017;vs;6;s;50.7;-2.228
017;vs;6;s;82.7;3.94
017;vs;6;s;134.0;6.332
017;vs;6;s;66.6;2.185
017;vs;6;s;116.8;8.859
017;vs;6;s;50.2;-1.495
017;vs;6;s;99.9;6.025
017;vs;6;s;50.4;-1.903
017;vs;6;s;116.0;5.374
017;vs;6;s;83.0;6.157
017;vs;6;s;66.8;4.311
017;vs;6;s;49.5;0.891
017;vs;6;s;50.4;1.903
017;vs;6;s;133.2;-21.465
017;vs;6;s;66.7;-1.83
017;vs;6;s;116.0;24.174
017;vs;6;s;66.2;2.148
017;vs;6;s;116.8;-23.31
017;vs;6;s;67.1;-1.552
017;vs;6;s;150.7;-19.48
017;vs;6;s;66.7;-2.521
017;vs;6;s;116.2;8.142
017;vs;6;s;83.3;5.114
017;vs;6;s;116.3;8.968
017;vs;6;s;149.2;21.918
017;vs;6;s;49.2;-2.483
017;vs;6;s;50.6;-5.64
017;vs;6;s;133.1;-11.972
017;vs;6;s;150.3;-1.527
017;vs;8;f;133.1;0
017;vs;8;f;116.7;0
017;vs;8;f;166.5;0
017;vs;8;f;117.7;0
017;vs;8;f;332.9;0
017;vs;8;f;349.2;0
017;vs;8;f;133.3;0
017;vs;8;f;99.4;0
017;vs;8;f;99.8;0
017;vs;8;f;200.1;0
017;vs;8;f;199.8;0
017;vs;8;f;133.2;0
017;vs;8;f;100.4;0
017;vs;8;f;117.2;0
017;vs;8;f;183.7;0
017;vs;8;f;316.1;0
017;vs;8;f;748.6;0
017;vs;8;f;116.4;0
017;vs;8;f;116.5;0
017;vs;8;f;115.9;0
017;vs;8;f;100.2;0
017;vs;8;f;116.9;0
017;vs;8;f;99.8;0
017;vs;8;f;149.1;0
017;vs;8;f;117.1;0
017;vs;8;f;216.0;0
017;vs;8;f;183.6;0
017;vs;8;f;366.6;0
017;vs;8;f;166.4;0
017;vs;8;s;132.4;-8.804
017;vs;8;s;117.2;-8.835
017;vs;8;s;50.4;-1.375
017;vs;8;s;100.5;6.134
017;vs;8;s;99.8;7.395
017;vs;8;s;50.6;-1.249
017;vs;8;s;49.4;6.951
017;vs;8;s;49.2;1.383
017;vs;8;s;49.5;1.422
017;vs;8;s;83.2;6.647
017;vs;8;s;49.2;3.972
017;vs;8;s;49.6;-1.66
017;vs;8;s;50.5;1.709
017;vs;8;s;49.6;-2.751
017;vs;8;s;99.8;-5.901
017;vs;8;s;66.3;4.331
017;vs;8;s;49.5;0.707
017;vs;8;s;67.0;7.493
017;vs;8;s;66.9;4.939
017;vs;8;s;100.3;-22.639
017;vs;8;s;134.3;-13.11
017;vs;8;s;116.6;11.929
017;vs;8;s;67.3;-4.349
017;vs;8;s;50.5;-0.986
017;vs;8;s;82.3;-3.845
017;vs;8;s;117.4;-6.206
017;vs;8;s;133.6;16.834
017;vs;8;s;49.3;7.466
017;vs;8;s;50.8;7.519
017;vs;8;s;51.2;7.571
017;vs;8;s;116.9;-19.838
017;vs;8;s;50.5;-1.332
017;vs;8;s;49.6;1.595
017;vs;8;s;49.1;-1.749
017;vs;9;f;100.0;0
017;vs;9;f;333.2;0
017;vs;9;f;148.9;0
017;vs;9;f;217.2;0
017;vs;9;f;115.8;0
017;vs;9;f;166.9;0
017;vs;9;f;182.5;0
017;vs;9;f;266.1;0
017;vs;9;f;84.3;0
017;vs;9;f;82.3;0
017;vs;9;f;82.5;0
017;vs;9;f;117.3;0
017;vs;9;f;200.1;0
017;vs;9;f;148.9;0
017;vs;9;f;117.3;0
017;vs;9;f;149.2;0
017;vs;9;f;83.6;0
017;vs;9;f;116.0;0
017;vs;9;f;299.8;0
017;vs;9;f;165.7;0
017;vs;9;f;299.6;0
017;vs;9;f;315.7;0
017;vs;9;f;1482.6;0
017;vs;9;s;150.5;-15.769
017;vs;9;s;66.9;-2.876
017;vs;9;s;50.9;0.895
017;vs;9;s;66.3;-2.225
017;vs;9;s;51.0;2.674
017;vs;9;s;49.1;1.248
017;vs;9;s;66.6;-4.324
017;vs;9;s;49.5;-0.773
017;vs;9;s;66.9;2.46
017;vs;9;s;51.1;0.61
017;vs;9;s;66.5;-3.283
017;vs;9;s;83.9;3.347
017;vs;9;s;133.5;10.795
017;vs;9;s;49.0;-1.116
017;vs;9;s;67.3;2.22
017;vs;9;s;49.7;1.954
017;vs;9;s;66.9;3.223
017;vs;9;s;100.1;6.199
017;vs;9;s;115.8;6.764
017;vs;9;s;67.2;2.823
017;vs;9;s;49.3;0.962
017;vs;9;s;49.4;3.661
017;vs;9;s;50.7;1.633
017;vs;9;s;149.6;-24.39
017;vs;9;s;50.7;-1.575
017;vs;9;s;84.1;3.72
017;vs;9;s;51.1;1.554
017;vs;9;s;50.1;1.012
017;vs;9;s;50.5;-0.751
017;vs;9;s;50.6;-0.325
017;vs;9;s;66.7;1.672
017;vs;10;f;333.2;0
017;vs;10;f;150.1;0
017;vs;10;f;132.8;0
017;vs;10;f;99.7;0
017;vs;10;f;82.6;0
017;vs;10;f;83.8;0
017;vs;10;f;149.8;0
017;vs;10;f;100.1;0
017;vs;10;f;383.4;0
017;vs;10;f;116.7;0
017;vs;10;f;115.9;0
017;vs;10;f;84.0;0
017;vs;10;f;133.0;0
017;vs;10;f;99.8;0
017;vs;10;f;115.6;0
017;vs;10;f;116.3;0
017;vs;10;f;132.9;0
017;vs;10;f;947.9;0
017;vs;10;f;648.5;0
017;vs;10;f;717.1;0
017;vs;10;f;233.2;0
017;vs;10;f;432.9;0
017;vs;10;f;233.2;0
017;vs;10;s;67.2;-9.394
017;vs;10;s;117.4;4.614
017;vs;10;s;150.2;-19.573
017;vs;10;s;100.3;5.65
017;vs;10;s;100.4;6.205
017;vs;10;s;100.2;-7.689
017;vs;10;s;49.3;6.213
017;vs;10;s;49.5;8.325
017;vs;10;s;50.3;-1.088
017;vs;10;s;50.2;-1.02
017;vs;10;s;49.2;2.607
017;vs;10;s;66.6;3.059
017;vs;10;s;116.5;10.202
017;vs;10;s;50.5;1.996
017;vs;10;s;83.2;-4.386
017;vs;10;s;116.2;5.389
017;vs;10;s;49.7;3.972
017;vs;10;s;133.4;-23.779
017;vs;10;s;84.0;-3.855
017;vs;10;s;50.5;-1.697
017;vs;10;s;133.7;10.249
017;vs;10;s;66.6;-3.286
017;vs;10;s;133.7;5.896
017;vs;10;s;49.2;-0.661
017;vs;10;s;49.4;3.014
017;vs;10;s;49.2;4.295
017;vs;12;f;82.8;0
017;vs;12;f;116.0;0
017;vs;12;f;117.2;0
017;vs;12;f;100.0;0
017;vs;12;f;283.1;0
017;vs;12;f;216.7;0
017;vs;12;f;81.8;0
017;vs;12;f;116.6;0
017;vs;12;f;149.7;0
017;vs;12;f;300.2;0
017;vs;12;f;148.3;0
017;vs;12;f;83.8;0
017;vs;12;f;100.1;0
017;vs;12;f;133.1;0
017;vs;12;f;133.1;0
017;vs;12;f;482.3;0
017;vs;12;f;216.0;0
017;vs;12;f;100.0;0
017;vs;12;f;198.6;0
017;vs;12;f;99.9;0
017;vs;12;s;66.8;-3.282
017;vs;12;s;50.4;-1.684
017;vs;12;s;67.1;3.342
017;vs;12;s;49.3;3.083
017;vs;12;s;49.6;-2.476
017;vs;12;s;49.3;-0.553
017;vs;12;s;66.6;2.723
017;vs;12;s;50.8;1.388
017;vs;12;s;66.5;-2.647
017;vs;12;s;49.9;1.535
017;vs;12;s;100.6;12.019
017;vs;12;s;66.5;2.88
017;vs;12;s;82.8;4.221
017;vs;12;s;83.6;3.444
017;vs;12;s;67.9;3.604
017;vs;12;s;83.6;4.825
017;vs;12;s;66.6;3.512
017;vs;12;s;50.0;1.308
017;vs;12;s;66.8;-21.725
017;vs;12;s;50.4;-0.981
017;vs;12;s;66.8;-2.754
017;vs;13;f;100.2;0
017;vs;13;f;233.1;0
017;vs;13;f;216.1;0
017;vs;13;f;199.6;0
017;vs;13;f;117.4;0
017;vs;13;f;82.4;0
017;vs;13;f;216.2;0
017;vs;13;f;366.2;0
017;vs;13;f;333.3;0
017;vs;13;f;100.2;0
017;vs;13;f;115.5;0
017;vs;13;f;200.2;0
017;vs;13;f;82.8;0
017;vs;13;f;83.8;0
017;vs;13;f;117.3;0
017;vs;13;f;333.2;0
017;vs;13;f;116.9;0
017;vs;13;f;99.9;0
017;vs;13;f;115.6;0
017;vs;13;f;100.3;0
017;vs;13;f;150.8;0
017;vs;13;f;1115.4;0
017;vs;13;f;99.9;0
017;vs;13;f;515.4;0
017;vs;13;s;66.6;-2.664
017;vs;13;s;84.1;5.538
017;vs;13;s;100.4;6.22
017;vs;13;s;50.8;3.213
017;vs;13;s;49.4;1.772
017;vs;13;s;67.1;2.896
017;vs;13;s;49.3;2.922
017;vs;13;s;50.4;-1.084
017;vs;13;s;49.2;1.187
017;vs;13;s;66.4;1.938
017;vs;13;s;66.6;-3.5
017;vs;13;s;67.2;7.557
017;vs;13;s;66.7;2.664
017;vs;13;s;49.1;2.02
017;vs;13;s;66.6;2.977
017;vs;13;s;66.5;4.464
017;vs;13;s;99.5;-25.608
017;vs;13;s;66.8;-2.644
017;vs;13;s;132.8;8.365
017;vs;13;s;116.4;17.395
017;vs;13;s;66.4;2.61
017;vs;13;s;117.4;-20.049
017;vs;13;s;66.9;2.232
017;vs;13;s;50.0;1.068
017;vs;13;s;50.6;1.692
017;vs;15;f;216.3;0
017;vs;15;f;82.8;0
017;vs;15;f;99.8;0
017;vs;15;f;282.4;0
017;vs;15;f;116.7;0
017;vs;15;f;166.3;0
017;vs;15;f;117.2;0
017;vs;15;f;198.9;0
017;vs;15;f;116.2;0
017;vs;15;f;150.1;0
017;vs;15;f;116.1;0
017;vs;15;f;117.1;0
017;vs;15;f;366.3;0
017;vs;15;f;317.1;0
017;vs;15;f;233.1;0
017;vs;15;f;182.6;0
017;vs;15;f;583.1;0
017;vs;15;f;148.8;0
017;vs;15;f;333.7;0
017;vs;15;f;266.5;0
017;vs;15;f;133.2;0
017;vs;15;f;200.0;0
017;vs;15;f;166.3;0
017;vs;15;f;149.1;0
017;vs;15;f;399.5;0
017;vs;15;f;84.0;0
017;vs;15;s;66.4;-5.173
017;vs;15;s;150.2;-18.518
017;vs;15;s;67.0;-2.136
017;vs;15;s;116.3;7.294
017;vs;15;s;50.8;-1.228
017;vs;15;s;99.8;9.021
017;vs;15;s;66.9;1.757
017;vs;15;s;49.1;-3.659
017;vs;15;s;116.6;9.666
017;vs;15;s;50.8;1.82
017;vs;15;s;134.4;6.482
017;vs;15;s;50.5;2.44
017;vs;15;s;49.8;5.976
017;vs;15;s;82.6;-23.471
017;vs;15;s;99.8;-3.305
017;vs;15;s;115.8;11.154
017;vs;15;s;50.7;-1.302
017;vs;15;s;51.0;1.375
017;vs;15;s;50.0;1.763
017;vs;15;s;50.4;-0.852
017;vs;15;s;50.4;2.087
017;vs;15;s;82.7;-3.738
017;vs;15;s;66.7;-1.208
017;vs;15;s;66.7;-2.872
017;vs;15;s;50.9;3.361
017;vs;15;s;50.6;2.191
017;vs;15;s;133.9;-6.8
017;vs;16;f;365.4;0
017;vs;16;f;84.0;0
017;vs;16;f;116.8;0
017;vs;16;f;266.0;0
017;vs;16;f;181.9;0
017;vs;16;f;133.4;0
017;vs;16;f;149.1;0
017;vs;16;f;99.9;0
017;vs;16;f;150.5;0
017;vs;16;f;117.0;0
017;vs;16;f;99.7;0
017;vs;16;f;133.1;0
017;vs;16;f;82.9;0
017;vs;16;f;183.5;0
017;vs;16;f;117.3;0
017;vs;16;f;82.5;0
017;vs;16;f;233.0;0
017;vs;16;f;599.5;0
017;vs;16;f;647.6;0
017;vs;16;f;881.9;0
017;vs;16;f;249.2;0
017;vs;16;f;250.5;0
017;vs;16;s;134.4;-19.364
017;vs;16;s;100.1;15.52
017;vs;16;s;50.5;2.671
017;vs;16;s;49.5;0.607
017;vs;16;s;50.1;-21.549
017;vs;16;s;66.3;-2.289
017;vs;16;s;100.6;6.7
017;vs;16;s;50.6;-1.229
017;vs;16;s;134.0;8.779
017;vs;16;s;84.1;-5.711
017;vs;16;s;82.4;-4.932
017;vs;16;s;67.0;-3.076
017;vs;16;s;116.0;5.786
017;vs;16;s;49.5;2.611
017;vs;16;s;49.6;8.751
017;vs;16;s;82.6;3.352
017;vs;16;s;50.5;5.796
017;vs;16;s;100.0;7.453
017;vs;16;s;116.0;7.527
017;vs;16;s;50.5;-20.398
017;vs;16;s;66.5;-2.927
017;vs;16;s;66.5;4.574
017;vs;16;s;82.8;3.27
017;vs;16;s;49.8;0.594
017;vs;16;s;49.8;1.613
017;vs;16;s;49.5;1.012
017;vs;17;f;382.2;0
017;vs;17;f;82.6;0
017;vs;17;f;115.9;0
017;vs;17;f;99.9;0
017;vs;17;f;150.9;0
017;vs;17;f;114.5;0
017;vs;17;f;166.7;0
017;vs;17;f;166.8;0
017;vs;17;f;198.9;0
017;vs;17;f;232.6;0
017;vs;17;f;99.8;0
017;vs;17;f;117.1;0
017;vs;17;f;100.2;0
017;vs;17;f;266.2;0
017;vs;17;f;249.5;0
017;vs;17;f;166.4;0
017;vs;17;s;99.9;-12.171
017;vs;17;s;67.0;4.745
017;vs;17;s;50.8;1.77
017;vs;17;s;84.0;3.665
017;vs;17;s;150.3;-20.993
017;vs;17;s;66.7;-2.616
017;vs;17;s;49.2;3.455
017;vs;17;s;134.5;9.011
017;vs;17;s;66.6;8.399
017;vs;17;s;66.9;2.058
017;vs;17;s;50.3;-4.843
017;vs;17;s;149.5;9.686
017;vs;17;s;84.6;4.858
017;vs;17;s;67.0;2.774
017;vs;17;s;49.5;1.767
017;vs;17;s;100.6;-22.117
017;vs;17;s;84.1;-3.075
017;vs;17;s;117.3;5.048
017;vs;17;s;116.0;5.525
017;vs;17;s;50.4;0.91
017;vs;17;s;50.1;1.155
017;vs;18;f;333.4;0
017;vs;18;f;100.3;0
017;vs;18;f;115.6;0
017;vs;18;f;117.4;0
017;vs;18;f;82.6;0
017;vs;18;f;116.1;0
017;vs;18;f;99.9;0
017;vs;18;f;83.2;0
017;vs;18;f;199.7;0
017;vs;18;f;133.2;0
017;vs;18;f;100.2;0
017;vs;18;f;117.1;0
017;vs;18;f;116.9;0
017;vs;18;f;366.7;0
017;vs;18;f;649.1;0
017;vs;18;f;82.7;0
017;vs;18;f;298.3;0
017;vs;18;f;133.2;0
017;vs;18;f;133.2;0
017;vs;18;f;116.1;0
017;vs;18;f;183.7;0
017;vs;18;f;1832.1;0
017;vs;18;f;282.8;0
017;vs;18;s;67.0;-2.941
017;vs;18;s;49.4;-1.557
017;vs;18;s;150.7;-20.047
017;vs;18;s;83.1;6.552
017;vs;18;s;67.0;-2.482
017;vs;18;s;66.6;4.94
017;vs;18;s;50.3;0.837
017;vs;18;s;133.6;5.922
017;vs;18;s;66.6;-2.673
017;vs;18;s;99.9;12.214
017;vs;18;s;66.9;6.7
017;vs;18;s;51.2;3.205
017;vs;18;s;66.8;5.385
017;vs;18;s;50.7;2.957
017;vs;18;s;66.8;-21.506
017;vs;18;s;50.7;-2.004
017;vs;18;s;51.1;-0.323
017;vs;18;s;50.3;0.511
017;vs;18;s;167.2;17.5
017;vs;18;s;82.6;4.842
017;vs;18;s;100.2;-19.709
017;vs;18;s;50.1;-2.142
017;vs;18;s;66.3;-2.203
017;vs;18;s;50.4;-0.627
017;vs;20;f;217.4;0
017;vs;20;f;215.7;0
017;vs;20;f;216.4;0
017;vs;20;f;168.3;0
017;vs;20;f;149.4;0
017;vs;20;f;133.0;0
017;vs;20;f;166.2;0
017;vs;20;f;166.2;0
017;vs;20;f;333.2;0
017;vs;20;f;199.6;0
017;vs;20;f;100.0;0
017;vs;20;f;116.3;0
017;vs;20;f;182.5;0
017;vs;20;f;165.9;0
017;vs;20;f;166.3;0
017;vs;20;f;166.3;0
017;vs;20;f;116.3;0
017;vs;20;f;117.2;0
017;vs;20;f;166.1;0
017;vs;20;f;166.3;0
017;vs;20;f;133.1;0
017;vs;20;f;249.4;0
017;vs;20;f;116.9;0
017;vs;20;f;133.0;0
017;vs;20;f;217.0;0
017;vs;20;f;166.3;0
017;vs;20;f;100.2;0
017;vs;20;f;82.5;0
017;vs;20;f;300.0;0
017;vs;20;s;49.1;1.011
017;vs;20;s;117.1;-17.858
017;vs;20;s;116.7;7.435
017;vs;20;s;66.6;5.842
017;vs;20;s;66.5;3.651
017;vs;20;s;50.6;1.636
017;vs;20;s;66.7;3.211
017;vs;20;s;49.3;-4.503
017;vs;20;s;66.5;-3.121
017;vs;20;s;133.3;-14.387
017;vs;20;s;82.8;-2.93
017;vs;20;s;116.4;9.092
017;vs;20;s;66.6;3.057
017;vs;20;s;116.4;7.546
017;vs;20;s;49.6;4.582
017;vs;20;s;100.4;-22.416
017;vs;20;s;49.3;-1.426
017;vs;20;s;50.4;-1.196
017;vs;20;s;117.2;9.469
017;vs;20;s;66.5;6.549
017;vs;20;s;50.4;5.0
017;vs;20;s;133.9;7.455
017;vs;20;s;83.9;5.912
017;vs;20;s;67.0;3.419
017;vs;20;s;50.6;0.947
017;vs;20;s;133.2;-21.241
017;vs;20;s;83.5;2.59
017;vs;20;s;99.8;19.15
017;vs;20;s;66.8;-3.161
017;vs;20;s;99.6;-17.206
017;vs;20;s;66.5;-3.197
017;vs;21;f;181.8;0
017;vs;21;f;99.8;0
017;vs;21;f;166.3;0
017;vs;21;f;166.4;0
017;vs;21;f;165.7;0
017;vs;21;f;166.0;0
017;vs;21;f;82.0;0
017;vs;21;f;166.8;0
017;vs;21;f;116.3;0
017;vs;21;f;115.8;0
017;vs;21;f;83.8;0
017;vs;21;f;266.1;0
017;vs;21;f;99.8;0
017;vs;21;f;233.3;0
017;vs;21;f;116.5;0
017;vs;21;f;234.2;0
017;vs;21;f;99.8;0
017;vs;21;f;116.6;0
017;vs;21;f;150.3;0
017;vs;21;f;149.6;0
017;vs;21;f;148.5;0
017;vs;21;f;150.0;0
017;vs;21;f;149.6;0
017;vs;21;f;1365.7;0
017;vs;21;s;66.9;-8.103
017;vs;21;s;101.0;5.906
017;vs;21;s;100.1;7.189
017;vs;21;s;100.3;9.28
017;vs;21;s;66.6;-1.798
017;vs;21;s;84.8;7.638
017;vs;21;s;83.6;-2.304
017;vs;21;s;118.0;10.91
017;vs;21;s;133.1;-23.763
017;vs;21;s;99.9;-4.258
017;vs;21;s;50.7;2.976
017;vs;21;s;116.1;6.996
017;vs;21;s;67.0;3.868
017;vs;21;s;66.8;1.928
017;vs;21;s;82.9;-3.224
017;vs;21;s;99.8;-15.83
017;vs;21;s;117.5;-11.878
017;vs;21;s;100.4;6.103
017;vs;21;s;49.7;7.41
017;vs;21;s;116.8;9.02
017;vs;21;s;84.7;5.519
017;vs;21;s;66.5;1.423
017;vs;21;s;66.3;-3.266
017;vs;21;s;50.1;1.963
017;vs;22;f;233.1;0
017;vs;22;f;266.6;0
017;vs;22;f;99.3;0
017;vs;22;f;133.0;0
017;vs;22;f;266.1;0
017;vs;22;f;99.6;0
017;vs;22;f;116.2;0
017;vs;22;f;166.4;0
017;vs;22;f;84.0;0
017;vs;22;f;83.0;0
017;vs;22;f;82.8;0
017;vs;22;f;100.0;0
017;vs;22;f;117.0;0
017;vs;22;f;566.1;0
017;vs;22;f;198.9;0
017;vs;22;f;1232.5;0
017;vs;22;f;283.7;0
017;vs;22;f;133.4;0
017;vs;22;f;233.3;0
017;vs;22;s;49.9;1.118
017;vs;22;s;134.2;8.203
017;vs;22;s;66.5;1.295
017;vs;22;s;100.4;7.678
017;vs;22;s;83.1;8.921
017;vs;22;s;49.7;-0.835
017;vs;22;s;49.5;4.168
017;vs;22;s;115.9;5.766
017;vs;22;s;49.2;1.983
017;vs;22;s;82.1;-4.288
017;vs;22;s;82.7;4.585
017;vs;22;s;66.5;3.741
017;vs;22;s;50.5;1.152
017;vs;22;s;134.0;-22.539
017;vs;22;s;50.5;-2.096
017;vs;22;s;116.3;6.302
017;vs;22;s;50.2;0.382
017;vs;22;s;251.1;0.706
017;vs;22;s;66.6;-1.834
017;vs;23;f;349.6;0
017;vs;23;f;266.8;0
017;vs;23;f;116.5;0
017;vs;23;f;100.3;0
017;vs;23;f;82.8;0
017;vs;23;f;133.0;0
017;vs;23;f;100.0;0
017;vs;23;f;149.2;0
017;vs;23;f;150.6;0
017;vs;23;f;82.6;0
017;vs;23;f;99.5;0
017;vs;23;f;83.8;0
017;vs;23;f;116.1;0
017;vs;23;f;166.3;0
017;vs;23;f;116.2;0
017;vs;23;f;166.6;0
017;vs;23;f;148.7;0
017;vs;23;f;99.9;0
017;vs;23;f;166.8;0
017;vs;23;f;150.2;0
017;vs;23;f;266.5;0
017;vs;23;f;233.1;0
017;vs;23;f;382.5;0
017;vs;23;f;382.0;0
017;vs;23;f;133.2;0
017;vs;23;f;166.7;0
017;vs;23;s;66.2;-7.427
017;vs;23;s;150.5;-16.852
017;vs;23;s;116.7;5.66
017;vs;23;s;99.3;9.532
017;vs;23;s;66.4;-3.043
017;vs;23;s;50.4;-2.222
017;vs;23;s;66.5;-3.6
017;vs;23;s;116.4;8.105
017;vs;23;s;49.4;3.988
017;vs;23;s;133.5;8.058
017;vs;23;s;66.8;-6.014
017;vs;23;s;67.1;-2.982
017;vs;23;s;50.3;-0.998
017;vs;23;s;66.5;2.119
017;vs;23;s;116.2;8.109
017;vs;23;s;133.4;8.959
017;vs;23;s;116.1;5.713
017;vs;23;s;49.2;-0.829
017;vs;23;s;134.4;-20.457
017;vs;23;s;50.9;-1.769
017;vs;23;s;83.7;-2.559
017;vs;23;s;116.4;12.478
017;vs;23;s;50.5;2.672
017;vs;23;s;49.2;-0.72
017;vs;23;s;49.9;2.1
017;vs;24;f;100.1;0
017;vs;24;f;181.5;0
017;vs;24;f;133.5;0
017;vs;24;f;149.4;0
017;vs;24;f;232.9;0
017;vs;24;f;98.7;0
017;vs;24;f;114.6;0
017;vs;24;f;217.4;0
017;vs;24;f;100.1;0
017;vs;24;f;148.7;0
017;vs;24;f;266.6;0
017;vs;24;f;149.3;0
017;vs;24;f;132.9;0
017;vs;24;f;83.9;0
017;vs;24;f;165.5;0
017;vs;24;f;266.7;0
017;vs;24;f;317.3;0
017;vs;24;f;300.1;0
017;vs;24;f;148.8;0
017;vs;24;f;82.6;0
017;vs;24;f;83.9;0
017;vs;24;f;117.1;0
017;vs;24;f;99.4;0
017;vs;24;f;100.1;0
017;vs;24;f;333.3;0
017;vs;24;f;150.7;0
017;vs;24;f;416.8;0
017;vs;24;s;66.5;-1.092
017;vs;24;s;134.1;8.131
017;vs;24;s;49.1;2.253
017;vs;24;s;66.4;-4.044
017;vs;24;s;49.6;2.24
017;vs;24;s;134.6;9.234
017;vs;24;s;51.5;5.067
017;vs;24;s;49.7;-0.626
017;vs;24;s;67.2;4.262
017;vs;24;s;49.3;2.953
017;vs;24;s;83.9;4.004
017;vs;24;s;66.9;5.151
017;vs;24;s;48.9;-1.245
017;vs;24;s;49.3;-0.972
017;vs;24;s;50.8;-0.99
017;vs;24;s;82.4;7.608
017;vs;24;s;101.0;-22.44
017;vs;24;s;48.7;1.241
017;vs;24;s;49.3;-1.897
017;vs;24;s;133.4;-17.129
017;vs;24;s;66.6;6.371
017;vs;24;s;50.7;0.848
017;vs;24;s;50.3;3.06
017;vs;24;s;49.3;4.585
017;vs;24;s;66.8;2.648
017;vs;24;s;49.1;2.37
017;vs;24;s;116.5;8.83
017;vs;24;s;67.4;4.223
017;vs;24;s;116.6;-18.194
017;vs;24;s;49.5;-1.291
017;vs;26;f;117.6;0
017;vs;26;f;99.9;0
017;vs;26;f;248.5;0
017;vs;26;f;166.5;0
017;vs;26;f;83.9;0
017;vs;26;f;199.5;0
017;vs;26;f;150.2;0
017;vs;26;f;300.0;0
017;vs;26;f;166.3;0
017;vs;26;f;99.5;0
017;vs;26;f;148.9;0
017;vs;26;f;133.1;0
017;vs;26;f;133.3;0
017;vs;26;f;149.3;0
017;vs;26;f;100.8;0
017;vs;26;f;133.1;0
017;vs;26;f;132.4;0
017;vs;26;f;115.7;0
017;vs;26;f;115.6;0
017;vs;26;f;150.6;0
017;vs;26;f;132.9;0
017;vs;26;f;150.8;0
017;vs;26;f;215.9;0
017;vs;26;f;133.3;0
017;vs;26;f;83.7;0
017;vs;26;f;182.5;0
017;vs;26;f;199.0;0
017;vs;26;f;84.0;0
017;vs;26;f;149.6;0
017;vs;26;f;149.6;0
017;vs;26;f;149.4;0
017;vs;26;s;50.5;1.197
017;vs;26;s;116.4;11.961
017;vs;26;s;49.4;-0.965
017;vs;26;s;117.8;-25.969
017;vs;26;s;117.1;7.295
017;vs;26;s;66.6;-4.921
017;vs;26;s;49.2;2.261
017;vs;26;s;66.7;2.513
017;vs;26;s;49.4;1.198
017;vs;26;s;115.9;7.312
017;vs;26;s;66.5;2.093
017;vs;26;s;116.4;9.392
017;vs;26;s;83.7;6.092
017;vs;26;s;49.5;3.438
017;vs;26;s;66.6;3.04
017;vs;26;s;49.2;-12.557
017;vs;26;s;66.6;-6.157
017;vs;26;s;83.3;-3.32
017;vs;26;s;49.4;-1.035
017;vs;26;s;67.2;26.972
017;vs;26;s;50.0;1.358
017;vs;26;s;66.7;1.619
017;vs;26;s;49.3;-11.742
017;vs;26;s;67.1;-6.605
017;vs;26;s;49.4;3.207
017;vs;26;s;84.0;-10.207
017;vs;26;s;66.5;4.387
017;vs;26;s;49.6;-1.348
017;vs;26;s;99.7;10.166
017;vs;26;s;50.7;1.19
017;vs;26;s;50.5;1.006
017;vs;26;s;100.2;-15.174
017;vs;26;s;116.6;-12.05
017;vs;26;s;100.0;6.101
017;vs;26;s;50.0;1.916
017;vs;26;s;50.8;2.315
017;vs;26;s;66.8;2.378
017;vs;27;f;316.3;0
017;vs;27;f;166.1;0
017;vs;27;f;82.4;0
017;vs;27;f;132.7;0
017;vs;27;f;199.6;0
017;vs;27;f;115.1;0
017;vs;27;f;83.2;0
017;vs;27;f;151.4;0
017;vs;27;f;150.0;0
017;vs;27;f;83.7;0
017;vs;27;f;99.3;0
017;vs;27;f;166.0;0
017;vs;27;f;83.9;0
017;vs;27;f;232.8;0
017;vs;27;f;166.5;0
017;vs;27;f;233.3;0
017;vs;27;f;199.7;0
017;vs;27;f;897.4;0
017;vs;27;f;135.0;0
017;vs;27;s;66.4;-2.285
017;vs;27;s;117.6;-19.804
017;vs;27;s;49.2;-1.435
017;vs;27;s;50.7;-0.959
017;vs;27;s;116.8;4.527
017;vs;27;s;66.2;3.395
017;vs;27;s;66.4;-2.767
017;vs;27;s;49.7;3.344
017;vs;27;s;134.6;9.559
017;vs;27;s;50.3;-2.525
017;vs;27;s;99.0;11.017
017;vs;27;s;66.5;2.735
017;vs;27;s;116.3;5.233
017;vs;27;s;117.4;-5.898
017;vs;27;s;49.7;5.526
017;vs;27;s;67.0;3.529
017;vs;27;s;49.4;1.205
017;vs;27;s;100.1;-20.932
017;vs;27;s;66.6;-1.971
017;vs;27;s;83.7;4.857
017;vs;27;s;50.2;1.258
017;vs;27;s;50.2;-1.02
017;vs;27;s;83.1;1.783
017;vs;28;f;116.0;0
017;vs;28;f;183.7;0
017;vs;28;f;132.8;0
017;vs;28;f;100.0;0
017;vs;28;f;233.0;0
017;vs;28;f;133.4;0
017;vs;28;f;133.1;0
017;vs;28;f;133.2;0
017;vs;28;f;182.7;0
017;vs;28;f;166.1;0
017;vs;28;f;116.1;0
017;vs;28;f;149.8;0
017;vs;28;f;132.9;0
017;vs;28;f;149.7;0
017;vs;28;f;166.5;0
017;vs;28;f;82.5;0
017;vs;28;f;117.3;0
017;vs;28;f;1899.0;0
017;vs;28;f;199.7;0
017;vs;28;f;183.9;0
017;vs;28;f;366.4;0
017;vs;28;s;50.5;1.099
017;vs;28;s;49.5;-0.744
017;vs;28;s;133.7;-21.159
017;vs;28;s;50.6;-1.507
017;vs;28;s;49.5;1.673
017;vs;28;s;66.5;2.407
017;vs;28;s;116.8;-5.008
017;vs;28;s;82.8;4.292
017;vs;28;s;117.1;6.344
017;vs;28;s;49.7;3.548
017;vs;28;s;66.4;2.918
017;vs;28;s;50.6;2.022
017;vs;28;s;49.7;-8.089
017;vs;28;s;67.3;3.134
017;vs;28;s;66.3;4.699
017;vs;28;s;66.4;3.949
017;vs;28;s;99.5;6.593
017;vs;28;s;66.3;2.331
017;vs;28;s;66.6;4.761
017;vs;28;s;66.6;2.345
017;vs;28;s;133.9;-25.24
017;vs;28;s;50.7;-1.895
017;vs;28;s;133.4;6.171
017;vs;28;s;49.5;0.688
017;vs;28;s;50.2;1.622
017;vs;28;s;50.4;-0.968
017;vs;28;s;33.1;1.423
017;vs;29;f;217.2;0
017;vs;29;f;133.5;0
017;vs;29;f;116.0;0
017;vs;29;f;132.6;0
017;vs;29;f;116.1;0
017;vs;29;f;98.9;0
017;vs;29;f;82.6;0
017;vs;29;f;332.8;0
017;vs;29;f;199.9;0
017;vs;29;f;149.4;0
017;vs;29;f;550.0;0
017;vs;29;f;298.3;0
017;vs;29;f;249.2;0
017;vs;29;f;366.6;0
017;vs;29;f;82.9;0
017;vs;29;f;166.5;0
017;vs;29;f;166.2;0
017;vs;29;f;199.9;0
017;vs;29;f;99.8;0
017;vs;29;f;598.7;0
017;vs;29;f;382.7;0
017;vs;29;f;233.1;0
017;vs;29;s;84.4;-21.377
017;vs;29;s;133.3;4.18
017;vs;29;s;133.3;8.418
017;vs;29;s;82.9;2.649
017;vs;29;s;134.2;8.441
017;vs;29;s;50.7;1.865
017;vs;29;s;67.6;2.799
017;vs;29;s;49.4;2.278
017;vs;29;s;117.3;5.162
017;vs;29;s;117.5;-26.581
017;vs;29;s;83.7;6.659
017;vs;29;s;82.6;2.476
017;vs;29;s;66.2;-2.094
017;vs;29;s;49.9;0.696
017;vs;29;s;66.5;3.724
017;vs;29;s;50.4;1.372
017;vs;29;s;133.2;-14.531
017;vs;29;s;49.9;-5.537
017;vs;29;s;116.6;11.898
017;vs;29;s;100.1;5.494
017;vs;30;f;150.5;0
017;vs;30;f;166.6;0
017;vs;30;f;100.2;0
017;vs;30;f;132.8;0
017;vs;30;f;100.0;0
017;vs;30;f;166.6;0
017;vs;30;f;133.0;0
017;vs;30;f;116.1;0
017;vs;30;f;99.5;0
017;vs;30;f;116.1;0
017;vs;30;f;133.1;0
017;vs;30;f;82.3;0
017;vs;30;f;100.0;0
017;vs;30;f;133.1;0
017;vs;30;f;515.5;0
017;vs;30;f;84.4;0
017;vs;30;f;199.5;0
017;vs;30;f;132.3;0
017;vs;30;f;150.4;0
017;vs;30;f;316.9;0
017;vs;30;f;349.1;0
017;vs;30;f;349.1;0
017;vs;30;f;99.4;0
017;vs;30;f;748.7;0
017;vs;30;f;99.9;0
017;vs;30;s;66.4;2.343
017;vs;30;s;66.6;4.012
017;vs;30;s;50.8;1.989
017;vs;30;s;49.5;2.16
017;vs;30;s;66.5;3.316
017;vs;30;s;117.5;-5.041
017;vs;30;s;116.2;11.36
017;vs;30;s;66.8;3.909
017;vs;30;s;66.4;4.105
017;vs;30;s;83.2;6.399
017;vs;30;s;50.5;-0.959
017;vs;30;s;82.7;4.451
017;vs;30;s;101.0;-22.361
017;vs;30;s;50.5;-1.415
017;vs;30;s;51.0;5.093
017;vs;30;s;66.7;3.306
017;vs;30;s;66.7;-1.948
017;vs;30;s;66.6;2.242
017;vs;30;s;134.2;-19.922
017;vs;30;s;132.7;-4.212
017;vs;30;s;118.4;8.586
017;vs;30;s;133.4;13.413
017;vs;30;s;49.4;1.4
017;vs;30;s;50.7;-0.883
017;vs;30;s;66.6;1.469
017;vs;30;s;133.1;-7.177
017;vs;30;s;101.6;6.686
017;vs;30;s;50.5;0.959
017;vs;30;s;66.0;2.781
017;vs;30;s;49.9;0.768
017;vs;32;f;149.9;0
017;vs;32;f;84.0;0
017;vs;32;f;215.0;0
017;vs;32;f;83.8;0
017;vs;32;f;100.0;0
017;vs;32;f;132.8;0
017;vs;32;f;117.2;0
017;vs;32;f;133.0;0
017;vs;32;f;133.5;0
017;vs;32;f;150.1;0
017;vs;32;f;149.5;0
017;vs;32;f;166.5;0
017;vs;32;f;233.0;0
017;vs;32;f;232.9;0
017;vs;32;f;133.1;0
017;vs;32;f;248.9;0
017;vs;32;f;99.4;0
017;vs;32;f;99.5;0
017;vs;32;f;83.4;0
017;vs;32;f;299.1;0
017;vs;32;s;83.4;5.436
017;vs;32;s;84.0;-2.675
017;vs;32;s;51.6;10.973
017;vs;32;s;66.7;3.199
017;vs;32;s;66.7;-1.885
017;vs;32;s;100.1;8.421
017;vs;32;s;66.6;3.906
017;vs;32;s;50.8;-1.382
017;vs;32;s;49.4;6.932
017;vs;32;s;66.4;3.059
017;vs;32;s;133.6;-23.044
017;vs;32;s;66.4;3.612
017;vs;32;s;50.5;3.469
017;vs;32;s;50.5;1.785
017;vs;32;s;50.3;1.062
017;vs;32;s;83.8;-4.123
017;vs;32;s;66.6;3.49
017;vs;32;s;134.4;-9.696
017;vs;32;s;133.2;6.15
017;vs;33;f;299.7;0
017;vs;33;f;99.6;0
017;vs;33;f;99.9;0
017;vs;33;f;117.3;0
017;vs;33;f;132.7;0
017;vs;33;f;100.3;0
017;vs;33;f;299.6;0
017;vs;33;f;182.6;0
017;vs;33;f;217.0;0
017;vs;33;f;133.4;0
017;vs;33;f;133.3;0
017;vs;33;f;199.8;0
017;vs;33;f;82.9;0
017;vs;33;f;116.5;0
017;vs;33;f;115.9;0
017;vs;33;f;150.1;0
017;vs;33;f;149.1;0
017;vs;33;f;150.5;0
017;vs;33;f;133.3;0
017;vs;33;f;150.7;0
017;vs;33;f;149.4;0
017;vs;33;f;83.3;0
017;vs;33;f;183.8;0
017;vs;33;f;133.3;0
017;vs;33;f;381.9;0
017;vs;33;f;233.3;0
017;vs;33;f;100.0;0
017;vs;33;f;233.2;0
017;vs;33;f;183.6;0
017;vs;33;f;815.7;0
017;vs;33;f;133.2;0
017;vs;33;f;183.8;0
017;vs;33;s;67.0;-3.699
017;vs;33;s;50.5;-1.853
017;vs;33;s;50.1;-0.814
017;vs;33;s;149.5;-17.924
017;vs;33;s;83.1;4.766
017;vs;33;s;99.7;-6.423
017;vs;33;s;66.8;3.759
017;vs;33;s;66.6;-4.104
017;vs;33;s;133.2;6.377
017;vs;33;s;66.4;-2.725
017;vs;33;s;50.4;3.272
017;vs;33;s;66.6;1.816
017;vs;33;s;49.4;5.267
017;vs;33;s;84.0;3.821
017;vs;33;s;49.5;7.791
017;vs;33;s;50.5;2.119
017;vs;33;s;49.8;3.427
017;vs;33;s;50.7;5.007
017;vs;33;s;117.4;-5.475
017;vs;33;s;66.6;4.581
017;vs;33;s;83.8;3.39
017;vs;33;s;133.7;-23.117
017;vs;33;s;49.5;3.034
017;vs;33;s;83.7;-4.191
017;vs;33;s;217.9;3.165
017;vs;33;s;66.7;4.057
017;vs;33;s;50.4;-1.054
017;vs;33;s;50.4;-1.607
017;vs;33;s;66.7;-2.384
017;vs;33;s;50.2;-2.923
017;vs;35;f;149.5;0
017;vs;35;f;117.0;0
017;vs;35;f;281.5;0
017;vs;35;f;200.1;0
017;vs;35;f;100.1;0
017;vs;35;f;83.6;0
017;vs;35;f;183.5;0
017;vs;35;f;149.5;0
017;vs;35;f;299.8;0
017;vs;35;f;116.3;0
017;vs;35;f;299.8;0
017;vs;35;f;332.0;0
017;vs;35;f;99.7;0
017;vs;35;f;116.5;0
017;vs;35;f;233.1;0
017;vs;35;f;116.7;0
017;vs;35;f;134.0;0
017;vs;35;s;150.5;-24.305
017;vs;35;s;117.0;6.297
017;vs;35;s;49.7;1.907
017;vs;35;s;50.1;-1.212
017;vs;35;s;51.4;7.0
017;vs;35;s;83.9;3.986
017;vs;35;s;66.6;4.888
017;vs;35;s;100.0;3.404
017;vs;35;s;99.7;6.767
017;vs;35;s;49.5;1.704
017;vs;35;s;50.5;-1.558
017;vs;35;s;149.7;-22.248
017;vs;35;s;49.5;3.375
017;vs;35;s;100.0;3.508
017;vs;35;s;50.4;0.806
017;vs;35;s;66.6;3.5
017;vs;35;s;67.7;-3.302
017;vs;35;s;50.2;1.01
017;vs;35;s;150.3;-17.706
017;vs;35;s;66.6;4.523
017;vs;35;s;50.4;0.909
017;vs;35;s;66.7;11.762
017;vs;35;s;49.6;2.439
017;vs;36;f;299.6;0
017;vs;36;f;116.0;0
017;vs;36;f;82.8;0
017;vs;36;f;233.4;0
017;vs;36;f;299.8;0
017;vs;36;f;150.3;0
017;vs;36;f;183.9;0
017;vs;36;f;115.9;0
017;vs;36;f;133.4;0
017;vs;36;f;148.0;0
017;vs;36;f;150.7;0
017;vs;36;f;199.6;0
017;vs;36;f;100.0;0
017;vs;36;f;166.0;0
017;vs;36;f;100.0;0
017;vs;36;f;99.9;0
017;vs;36;f;450.5;0
017;vs;36;f;415.7;0
017;vs;36;f;299.5;0
017;vs;36;f;150.6;0
017;vs;36;f;81.7;0
017;vs;36;f;166.9;0
017;vs;36;s;66.8;-3.822
017;vs;36;s;66.5;-3.196
017;vs;36;s;150.4;-21.43
017;vs;36;s;49.5;-1.134
017;vs;36;s;50.4;3.551
017;vs;36;s;83.6;4.742
017;vs;36;s;82.9;7.407
017;vs;36;s;49.0;6.291
017;vs;36;s;133.2;-6.692
017;vs;36;s;66.2;2.503
017;vs;36;s;82.8;4.445
017;vs;36;s;116.5;7.087
017;vs;36;s;83.9;4.6
017;vs;36;s;100.1;5.324
017;vs;36;s;66.6;3.942
017;vs;36;s;100.5;-24.02
017;vs;36;s;50.5;-1.663
017;vs;36;s;82.7;4.428
017;vs;36;s;66.7;-2.187
017;vs;36;s;50.5;-1.207
017;vs;36;s;84.0;3.516
017;vs;36;s;50.5;1.211
017;vs;36;s;33.4;-1.03
017;vs;37;f;116.0;0
017;vs;37;f;231.9;0
017;vs;37;f;149.3;0
017;vs;37;f;99.6;0
017;vs;37;f;100.0;0
017;vs;37;f;82.8;0
017;vs;37;f;84.1;0
017;vs;37;f;150.1;0
017;vs;37;f;81.7;0
017;vs;37;f;82.8;0
017;vs;37;f;117.2;0
017;vs;37;f;149.5;0
017;vs;37;f;82.8;0
017;vs;37;f;99.8;0
017;vs;37;f;217.4;0
017;vs;37;f;116.0;0
017;vs;37;f;83.8;0
017;vs;37;f;183.4;0
017;vs;37;f;332.4;0
017;vs;37;f;832.9;0
017;vs;37;f;282.4;0
017;vs;37;f;83.8;0
017;vs;37;s;49.3;-0.58
017;vs;37;s;67.5;4.628
017;vs;37;s;99.9;-5.298
017;vs;37;s;48.6;3.153
017;vs;37;s;49.2;2.567
017;vs;37;s;50.7;0.844
017;vs;37;s;50.5;1.849
017;vs;37;s;133.3;6.375
017;vs;37;s;83.2;4.072
017;vs;37;s;101.0;5.008
017;vs;37;s;50.5;1.474
017;vs;37;s;82.7;6.586
017;vs;37;s;82.7;4.143
017;vs;37;s;50.4;-1.834
017;vs;37;s;50.4;-0.936
017;vs;37;s;50.6;5.675
017;vs;37;s;49.2;2.154
017;vs;37;s;50.6;1.6
017;vs;37;s;133.5;-27.434
017;vs;37;s;116.5;6.933
017;vs;37;s;116.8;1.244
017;vs;37;s;50.4;-1.346
017;vs;39;f;100.1;0
017;vs;39;f;183.6;0
017;vs;39;f;82.6;0
017;vs;39;f;166.6;0
017;vs;39;f;166.5;0
017;vs;39;f;133.3;0
017;vs;39;f;166.1;0
017;vs;39;f;133.0;0
017;vs;39;f;99.8;0
017;vs;39;f;84.0;0
017;vs;39;f;82.3;0
017;vs;39;f;117.4;0
017;vs;39;f;132.1;0
017;vs;39;f;166.6;0
017;vs;39;f;450.1;0
017;vs;39;f;99.3;0
017;vs;39;f;117.2;0
017;vs;39;s;133.3;5.662
017;vs;39;s;66.6;-1.953
017;vs;39;s;150.4;-16.97
017;vs;39;s;50.4;3.553
017;vs;39;s;84.6;3.479
017;vs;39;s;66.6;-4.167
017;vs;39;s;49.1;4.021
017;vs;39;s;66.6;2.446
017;vs;39;s;116.0;6.038
017;vs;39;s;66.8;1.921
017;vs;39;s;66.6;5.054
017;vs;39;s;50.7;1.585
017;vs;39;s;83.0;6.352
017;vs;39;s;67.0;2.649
017;vs;39;s;66.6;2.998
017;vs;39;s;118.4;-23.257
017;vs;39;s;84.0;2.623
017;vs;39;s;66.8;-5.146
017;vs;39;s;133.6;-11.906
017;vs;39;s;66.3;2.754
017;vs;40;f;514.8;0
017;vs;40;f;166.4;0
017;vs;40;f;149.0;0
017;vs;40;f;151.0;0
017;vs;40;f;183.4;0
017;vs;40;f;100.0;0
017;vs;40;f;133.2;0
017;vs;40;f;83.7;0
017;vs;40;f;150.2;0
017;vs;40;f;133.0;0
017;vs;40;f;283.8;0
017;vs;40;f;350.0;0
017;vs;40;f;149.1;0
017;vs;40;f;183.8;0
017;vs;40;f;366.3;0
017;vs;40;f;149.4;0
017;vs;40;f;100.0;0
017;vs;40;s;133.5;-21.119
017;vs;40;s;66.5;2.667
017;vs;40;s;49.0;1.004
017;vs;40;s;66.5;-3.141
017;vs;40;s;100.0;4.01
017;vs;40;s;133.0;7.107
017;vs;40;s;116.4;7.546
017;vs;40;s;82.5;4.12
017;vs;40;s;99.9;6.224
017;vs;40;s;83.2;7.112
017;vs;40;s;133.9;6.009
017;vs;40;s;49.1;-14.774
017;vs;40;s;66.9;-4.793
017;vs;40;s;66.7;2.028
017;vs;40;s;66.8;1.594
017;vs;40;s;67.2;-2.893
017;vs;40;s;50.6;-1.731
017;vs;40;s;66.4;-1.548
017;vs;40;s;50.8;-0.92
017;vs;40;s;50.5;2.239
017;vs;41;f;166.5;0
017;vs;41;f;315.4;0
017;vs;41;f;100.0;0
017;vs;41;f;183.4;0
017;vs;41;f;115.6;0
017;vs;41;f;116.0;0
017;vs;41;f;84.3;0
017;vs;41;f;82.9;0
017;vs;41;f;99.9;0
017;vs;41;f;132.5;0
017;vs;41;f;99.6;0
017;vs;41;f;83.8;0
017;vs;41;f;132.6;0
017;vs;41;f;166.2;0
017;vs;41;f;83.9;0
017;vs;41;f;782.8;0
017;vs;41;f;81.7;0
017;vs;41;f;782.2;0
017;vs;41;f;283.1;0
017;vs;41;f;82.6;0
017;vs;41;s;167.7;-22.214
017;vs;41;s;50.4;-1.201
017;vs;41;s;66.6;2.528
017;vs;41;s;100.0;5.404
017;vs;41;s;66.9;3.61
017;vs;41;s;67.5;3.16
017;vs;41;s;49.4;2.311
017;vs;41;s;50.8;-1.061
017;vs;41;s;116.5;9.905
017;vs;41;s;100.2;5.579
017;vs;41;s;66.5;2.847
017;vs;41;s;82.6;4.339
017;vs;41;s;117.9;-25.235
017;vs;41;s;66.6;2.047
017;vs;41;s;66.4;5.696
017;vs;41;s;66.6;-2.131
017;vs;41;s;167.8;-2.522
017;vs;41;s;66.6;3.127
017;vs;41;s;49.2;0.552
017;vs;41;s;66.7;2.154
017;vs;42;f;333.1;0
017;vs;42;f;166.7;0
017;vs;42;f;566.1;0
017;vs;42;f;99.9;0
017;vs;42;f;116.9;0
017;vs;42;f;117.1;0
017;vs;42;f;132.4;0
017;vs;42;f;99.9;0
017;vs;42;f;82.6;0
017;vs;42;f;183.5;0
017;vs;42;f;183.2;0
017;vs;42;f;115.9;0
017;vs;42;f;150.5;0
017;vs;42;f;182.8;0
017;vs;42;f;200.0;0
017;vs;42;f;133.4;0
017;vs;42;s;50.5;0.825
017;vs;42;s;83.4;3.48
017;vs;42;s;150.2;-26.37
017;vs;42;s;83.0;-2.461
017;vs;42;s;117.3;4.629
017;vs;42;s;66.5;2.082
017;vs;42;s;82.9;3.754
017;vs;42;s;100.1;7.302
017;vs;42;s;116.4;5.703
017;vs;42;s;66.6;2.454
017;vs;42;s;66.8;4.948
017;vs;42;s;100.2;-27.454
017;vs;42;s;134.3;6.941
017;vs;42;s;66.6;6.015
017;vs;42;s;116.2;5.425
017;vs;42;s;82.9;3.87
017;vs;43;f;350.2;0
017;vs;43;f;149.3;0
017;vs;43;f;250.2;0
017;vs;43;f;233.2;0
017;vs;43;f;116.2;0
017;vs;43;f;133.1;0
017;vs;43;f;133.2;0
017;vs;43;f;182.8;0
017;vs;43;f;116.2;0
017;vs;43;f;82.6;0
017;vs;43;f;83.8;0
017;vs;43;f;265.3;0
017;vs;43;f;116.7;0
017;vs;43;f;82.8;0
017;vs;43;f;83.4;0
017;vs;43;f;100.2;0
017;vs;43;f;1398.8;0
017;vs;43;f;149.4;0
017;vs;43;f;217.2;0
017;vs;43;s;66.6;-3.473
017;vs;43;s;66.8;-12.48
017;vs;43;s;150.9;-14.334
017;vs;43;s;49.6;-2.507
017;vs;43;s;99.8;3.232
017;vs;43;s;99.8;6.689
017;vs;43;s;49.3;1.937
017;vs;43;s;66.7;5.077
017;vs;43;s;66.5;5.279
017;vs;43;s;50.4;2.69
017;vs;43;s;66.8;1.629
017;vs;43;s;50.8;1.825
017;vs;43;s;134.4;8.176
017;vs;43;s;101.4;-26.071
017;vs;43;s;50.0;-1.047
017;vs;43;s;133.3;6.515
017;vs;43;s;133.2;5.927
017;vs;43;s;50.4;3.246
017;vs;43;s;66.5;2.013
017;vs;43;s;66.4;-4.402
017;vs;43;s;50.1;-0.33
017;vs;43;s;100.1;3.541
017;vs;43;s;50.5;1.751
017;vs;44;f;216.1;0
017;vs;44;f;133.3;0
017;vs;44;f;366.3;0
017;vs;44;f;366.3;0
017;vs;44;f;116.1;0
017;vs;44;f;166.9;0
017;vs;44;f;150.0;0
017;vs;44;f;133.3;0
017;vs;44;f;133.1;0
017;vs;44;f;100.4;0
017;vs;44;f;150.2;0
017;vs;44;f;166.4;0
017;vs;44;f;99.7;0
017;vs;44;f;166.7;0
017;vs;44;f;99.2;0
017;vs;44;f;166.9;0
017;vs;44;f;132.8;0
017;vs;44;f;315.9;0
017;vs;44;f;282.4;0
017;vs;44;f;84.1;0
017;vs;44;f;266.5;0
017;vs;44;s;49.8;0.812
017;vs;44;s;50.2;-1.684
017;vs;44;s;66.3;-1.623
017;vs;44;s;150.4;-16.591
017;vs;44;s;117.4;-11.24
017;vs;44;s;66.8;1.605
017;vs;44;s;66.6;-2.511
017;vs;44;s;66.5;2.26
017;vs;44;s;100.2;6.853
017;vs;44;s;133.4;7.08
017;vs;44;s;66.5;3.842
017;vs;44;s;50.1;1.928
017;vs;44;s;50.3;-1.6
017;vs;44;s;133.9;8.739
017;vs;44;s;99.8;7.705
017;vs;44;s;49.6;4.944
017;vs;44;s;66.4;1.238
017;vs;44;s;100.3;-25.344
017;vs;44;s;49.5;-0.526
017;vs;44;s;66.6;3.098
017;vs;44;s;50.2;1.569
017;vs;44;s;51.0;2.457
017;vs;44;s;66.7;4.006
017;vs;44;s;49.8;0.598
017;vs;44;s;49.6;-1.408
017;vs;46;f;133.5;0
017;vs;46;f;133.3;0
017;vs;46;f;333.3;0
017;vs;46;f;216.8;0
017;vs;46;f;182.7;0
017;vs;46;f;83.7;0
017;vs;46;f;83.6;0
017;vs;46;f;99.9;0
017;vs;46;f;83.3;0
017;vs;46;f;249.5;0
017;vs;46;f;100.0;0
017;vs;46;f;99.9;0
017;vs;46;f;299.3;0
017;vs;46;f;117.3;0
017;vs;46;f;200.0;0
017;vs;46;f;149.5;0
017;vs;46;f;150.4;0
017;vs;46;f;233.1;0
017;vs;46;f;266.7;0
017;vs;46;f;148.9;0
017;vs;46;f;99.6;0
017;vs;46;f;99.5;0
017;vs;46;s;99.9;-5.289
017;vs;46;s;134.1;-14.232
017;vs;46;s;49.1;2.343
017;vs;46;s;66.5;2.722
017;vs;46;s;67.1;3.256
017;vs;46;s;66.8;-3.83
017;vs;46;s;50.5;3.973
017;vs;46;s;49.3;1.026
017;vs;46;s;50.6;-1.327
017;vs;46;s;116.9;5.545
017;vs;46;s;83.0;3.054
017;vs;46;s;50.2;2.145
017;vs;46;s;50.0;3.585
017;vs;46;s;49.2;0.861
017;vs;46;s;83.8;3.75
017;vs;46;s;66.5;1.851
017;vs;46;s;115.9;4.87
017;vs;46;s;166.9;-25.713
017;vs;46;s;66.6;-1.386
017;vs;46;s;49.3;3.102
017;vs;46;s;49.5;0.537
017;vs;46;s;66.6;2.351
017;vs;46;s;51.0;1.156
017;vs;46;s;49.6;1.188
017;vs;47;f;117.2;0
017;vs;47;f;182.6;0
017;vs;47;f;150.6;0
017;vs;47;f;116.0;0
017;vs;47;f;249.2;0
017;vs;47;f;133.2;0
017;vs;47;f;166.9;0
017;vs;47;f;149.3;0
017;vs;47;f;199.8;0
017;vs;47;f;149.7;0
017;vs;47;f;100.1;0
017;vs;47;f;332.8;0
017;vs;47;f;199.7;0
017;vs;47;f;299.6;0
017;vs;47;f;149.3;0
017;vs;47;f;150.4;0
017;vs;47;f;83.0;0
017;vs;47;s;49.1;-3.257
017;vs;47;s;100.0;4.923
017;vs;47;s;99.7;-4.324
017;vs;47;s;116.2;5.468
017;vs;47;s;50.6;3.087
017;vs;47;s;83.4;7.377
017;vs;47;s;50.9;-0.954
017;vs;47;s;83.1;4.307
017;vs;47;s;50.5;3.678
017;vs;47;s;66.7;3.869
017;vs;47;s;66.4;2.819
017;vs;47;s;49.5;0.999
017;vs;47;s;99.8;5.624
017;vs;47;s;99.8;-19.144
017;vs;47;s;50.5;2.974
017;vs;47;s;116.4;-5.022
017;vs;47;s;82.9;5.791
017;vs;47;s;50.5;-2.788
017;vs;47;s;83.6;-3.618
017;vs;47;s;83.9;-3.013
017;vs;47;s;50.5;2.352
017;vs;48;f;366.3;0
017;vs;48;f;133.0;0
017;vs;48;f;233.0;0
017;vs;48;f;133.5;0
017;vs;48;f;215.3;0
017;vs;48;f;117.3;0
017;vs;48;f;133.0;0
017;vs;48;f;199.4;0
017;vs;48;f;132.7;0
017;vs;48;f;133.0;0
017;vs;48;f;82.5;0
017;vs;48;f;182.4;0
017;vs;48;f;348.9;0
017;vs;48;f;333.0;0
017;vs;48;f;782.6;0
017;vs;48;f;83.8;0
017;vs;48;f;515.4;0
017;vs;48;f;649.9;0
017;vs;48;f;81.1;0
017;vs;48;f;199.4;0
017;vs;48;f;348.6;0
017;vs;48;s;133.1;-17.569
017;vs;48;s;66.7;-7.803
017;vs;48;s;133.1;6.011
017;vs;48;s;50.8;-1.451
017;vs;48;s;134.7;10.047
017;vs;48;s;149.3;9.956
017;vs;48;s;82.5;6.356
017;vs;48;s;66.9;4.834
017;vs;48;s;67.9;3.118
017;vs;48;s;48.7;0.997
017;vs;48;s;67.4;-24.946
017;vs;48;s;50.7;-2.082
017;vs;48;s;82.7;4.092
017;vs;48;s;66.6;4.272
017;vs;48;s;100.3;4.884
017;vs;48;s;50.5;2.024
017;vs;48;s;49.5;-1.629
017;vs;48;s;49.3;-0.933
017;vs;48;s;49.8;1.43
017;vs;48;s;66.5;1.589
017;vs;48;s;101.4;-3.239
017;vs;48;s;66.7;1.774
017;vs;48;s;48.8;-0.88
017;vs;48;s;184.2;2.27
017;vs;49;f;116.3;0
017;vs;49;f;366.4;0
017;vs;49;f;166.5;0
017;vs;49;f;83.0;0
017;vs;49;f;149.4;0
017;vs;49;f;182.0;0
017;vs;49;f;133.1;0
017;vs;49;f;99.6;0
017;vs;49;f;114.9;0
017;vs;49;f;150.3;0
017;vs;49;f;148.6;0
017;vs;49;f;99.7;0
017;vs;49;f;83.7;0
017;vs;49;f;215.7;0
017;vs;49;f;133.2;0
017;vs;49;f;199.6;0
017;vs;49;s;50.4;-1.682
017;vs;49;s;117.4;-10.619
017;vs;49;s;131.3;6.955
017;vs;49;s;117.4;-18.573
017;vs;49;s;66.7;-3.675
017;vs;49;s;66.4;5.397
017;vs;49;s;67.0;5.591
017;vs;49;s;49.5;2.076
017;vs;49;s;66.6;-2.478
017;vs;49;s;66.8;9.713
017;vs;49;s;50.2;2.213
017;vs;49;s;133.6;7.725
017;vs;49;s;133.5;7.808
017;vs;49;s;49.6;2.125
017;vs;49;s;117.5;-23.2
017;vs;49;s;50.5;-2.354
017;vs;49;s;99.6;6.124
017;vs;49;s;66.9;3.478
017;vs;49;s;49.5;-1.3
017;vs;49;s;49.5;1.403
017;vs;49;s;49.9;0.602
017;vs;51;f;99.9;0
017;vs;51;f;149.2;0
017;vs;51;f;100.0;0
017;vs;51;f;116.7;0
017;vs;51;f;133.0;0
017;vs;51;f;182.5;0
017;vs;51;f;150.5;0
017;vs;51;f;116.7;0
017;vs;51;f;148.5;0
017;vs;51;f;150.9;0
017;vs;51;f;133.1;0
017;vs;51;f;333.0;0
017;vs;51;f;466.3;0
017;vs;51;f;332.7;0
017;vs;51;f;199.5;0
017;vs;51;s;83.7;-1.879
017;vs;51;s;84.3;3.484
017;vs;51;s;100.0;6.373
017;vs;51;s;49.8;2.662
017;vs;51;s;49.7;6.866
017;vs;51;s;51.2;1.167
017;vs;51;s;83.1;6.068
017;vs;51;s;67.2;2.064
017;vs;51;s;50.0;1.077
017;vs;51;s;49.3;-2.832
017;vs;51;s;51.7;9.69
017;vs;51;s;83.4;3.876
017;vs;51;s;133.1;-22.199
017;vs;51;s;49.7;-2.153
017;vs;51;s;49.3;-0.901
017;vs;51;s;49.7;4.58
017;vs;51;s;67.0;-2.473
017;vs;52;f;299.8;0
017;vs;52;f;298.8;0
017;vs;52;f;167.2;0
017;vs;52;f;100.2;0
017;vs;52;f;116.7;0
017;vs;52;f;116.8;0
017;vs;52;f;82.8;0
017;vs;52;f;199.5;0
017;vs;52;f;300.0;0
017;vs;52;f;583.4;0
017;vs;52;f;183.0;0
017;vs;52;f;117.0;0
017;vs;52;s;66.4;5.873
017;vs;52;s;50.3;1.32
017;vs;52;s;51.5;9.969
017;vs;52;s;49.3;1.088
017;vs;52;s;50.1;3.942
017;vs;52;s;66.7;4.663
017;vs;52;s;83.1;4.213
017;vs;52;s;84.2;5.913
017;vs;52;s;83.1;5.219
017;vs;52;s;150.6;-23.444
017;vs;52;s;50.2;-1.393
017;vs;52;s;66.6;2.517
017;vs;52;s;50.7;-2.157
017;vs;53;f;149.7;0
017;vs;53;f;182.5;0
017;vs;53;f;132.8;0
017;vs;53;f;116.4;0
017;vs;53;f;99.6;0
017;vs;53;f;116.2;0
017;vs;53;f;82.9;0
017;vs;53;f;133.1;0
017;vs;53;f;232.9;0
017;vs;53;f;732.9;0
017;vs;53;f;383.5;0
017;vs;53;s;66.9;-2.292
017;vs;53;s;116.7;7.885
017;vs;53;s;133.6;5.023
017;vs;53;s;49.4;-4.749
017;vs;53;s;116.8;6.659
017;vs;53;s;66.5;2.786
017;vs;53;s;100.1;3.637
017;vs;53;s;133.2;6.522
017;vs;53;s;100.0;8.94
017;vs;53;s;133.4;5.796
017;vs;53;s;50.3;1.564
017;vs;53;s;117.0;-22.862
017;vs;53;s;49.4;1.946
017;vs;54;f;149.1;0
017;vs;54;f;166.7;0
017;vs;54;f;83.7;0
017;vs;54;f;215.6;0
017;vs;54;f;282.9;0
017;vs;54;f;116.1;0
017;vs;54;f;283.5;0
017;vs;54;f;116.0;0
017;vs;54;f;83.5;0
017;vs;54;f;150.1;0
017;vs;54;f;316.7;0
017;vs;54;f;666.3;0
017;vs;54;f;531.7;0
017;vs;54;f;332.9;0
017;vs;54;f;366.1;0
017;vs;54;f;282.4;0
017;vs;54;s;66.6;-2.4
017;vs;54;s;100.4;7.635
017;vs;54;s;66.9;2.854
017;vs;54;s;49.7;7.046
017;vs;54;s;82.9;6.107
017;vs;54;s;50.2;-0.696
017;vs;54;s;117.1;8.659
017;vs;54;s;116.8;6.636
017;vs;54;s;49.6;5.113
017;vs;54;s;66.6;1.553
017;vs;54;s;66.6;-26.326
017;vs;54;s;50.5;-3.757
017;vs;54;s;83.1;4.863
017;vs;54;s;99.9;3.998
017;vs;54;s;49.5;0.975
017;vs;54;s;66.7;-0.699
017;vs;54;s;66.3;1.804
017;vs;54;s;50.5;-1.246
017;vs;54;s;234.8;0.902
017;vs;56;f;217.0;0
017;vs;56;f;117.4;0
017;vs;56;f;166.7;0
017;vs;56;f;133.7;0
017;vs;56;f;166.4;0
017;vs;56;f;200.0;0
017;vs;56;f;117.4;0
017;vs;56;f;100.1;0
017;vs;56;f;114.0;0
017;vs;56;f;117.0;0
017;vs;56;f;199.6;0
017;vs;56;f;132.0;0
017;vs;56;f;199.5;0
017;vs;56;f;84.1;0
017;vs;56;f;99.8;0
017;vs;56;f;149.3;0
017;vs;56;s;50.5;-1.102
017;vs;56;s;166.8;-24.414
017;vs;56;s;66.6;2.591
017;vs;56;s;66.6;-2.171
017;vs;56;s;50.7;-1.318
017;vs;56;s;133.1;9.695
017;vs;56;s;66.8;3.498
017;vs;56;s;82.9;4.924
017;vs;56;s;82.6;5.925
017;vs;56;s;50.6;5.263
017;vs;56;s;66.4;3.324
017;vs;56;s;50.4;1.226
017;vs;56;s;151.1;6.617
017;vs;56;s;116.3;-21.897
017;vs;56;s;66.6;-2.094
017;vs;56;s;50.3;-1.763
017;vs;56;s;49.2;6.65
017;vs;56;s;85.1;-2.788
017;vs;56;s;234.2;2.086
017;vs;57;f;400.2;0
017;vs;57;f;116.1;0
017;vs;57;f;150.4;0
017;vs;57;f;166.6;0
017;vs;57;f;99.0;0
017;vs;57;f;199.6;0
017;vs;57;f;98.9;0
017;vs;57;f;82.8;0
017;vs;57;f;165.8;0
017;vs;57;f;182.6;0
017;vs;57;f;116.9;0
017;vs;57;f;233.2;0
017;vs;57;f;115.3;0
017;vs;57;f;548.1;0
017;vs;57;f;283.9;0
017;vs;57;s;66.8;1.868
017;vs;57;s;150.4;-23.833
017;vs;57;s;82.8;-3.249
017;vs;57;s;100.0;5.687
017;vs;57;s;65.6;2.423
017;vs;57;s;134.1;6.785
017;vs;57;s;100.4;4.399
017;vs;57;s;134.0;8.259
017;vs;57;s;133.0;9.206
017;vs;57;s;49.8;3.558
017;vs;57;s;150.9;-26.995
017;vs;57;s;83.0;5.972
017;vs;57;s;117.4;-5.873
017;vs;57;s;118.0;6.199
017;vs;57;s;84.0;3.997
017;vs;57;s;49.1;1.089
017;vs;57;s;66.6;2.786
017;vs;59;f;100.0;0
017;vs;59;f;151.5;0
017;vs;59;f;116.1;0
017;vs;59;f;166.5;0
017;vs;59;f;99.6;0
017;vs;59;f;149.2;0
017;vs;59;f;116.6;0
017;vs;59;f;166.2;0
017;vs;59;f;114.7;0
017;vs;59;f;315.8;0
017;vs;59;f;82.8;0
017;vs;59;f;150.4;0
017;vs;59;f;199.5;0
017;vs;59;f;99.8;0
017;vs;59;f;99.2;0
017;vs;59;f;150.2;0
017;vs;59;f;133.3;0
017;vs;59;f;299.9;0
017;vs;59;f;83.4;0
017;vs;59;s;66.8;-2.853
017;vs;59;s;48.4;3.279
017;vs;59;s;66.3;-3.584
017;vs;59;s;99.7;4.205
017;vs;59;s;82.6;-3.622
017;vs;59;s;66.3;3.627
017;vs;59;s;66.4;3.845
017;vs;59;s;66.7;2.657
017;vs;59;s;101.4;7.484
017;vs;59;s;49.5;-1.009
017;vs;59;s;82.9;3.326
017;vs;59;s;50.7;1.7
017;vs;59;s;82.9;6.976
017;vs;59;s;149.7;9.331
017;vs;59;s;67.1;2.558
017;vs;59;s;117.5;-25.278
017;vs;59;s;66.4;-2.95
017;vs;59;s;133.1;5.558
017;vs;59;s;67.0;3.694
017;vs;59;s;84.5;3.875
017;vs;60;f;299.8;0
017;vs;60;f;99.6;0
017;vs;60;f;82.5;0
017;vs;60;f;199.8;0
017;vs;60;f;132.0;0
017;vs;60;f;114.9;0
017;vs;60;f;100.1;0
017;vs;60;f;83.7;0
017;vs;60;f;165.7;0
017;vs;60;f;116.1;0
017;vs;60;f;133.0;0
017;vs;60;f;199.9;0
017;vs;60;f;533.2;0
017;vs;60;f;266.3;0
017;vs;60;s;66.6;-4.068
017;vs;60;s;82.9;-17.082
017;vs;60;s;49.3;-1.219
017;vs;60;s;66.6;-2.664
017;vs;60;s;50.5;1.239
017;vs;60;s;66.6;3.288
017;vs;60;s;66.7;5.659
017;vs;60;s;49.0;3.976
017;vs;60;s;66.7;3.8
017;vs;60;s;50.7;1.091
017;vs;60;s;51.0;7.01
017;vs;60;s;101.2;8.994
017;vs;60;s;100.8;-19.795
017;vs;60;s;66.8;-2.228
017;vs;60;s;99.7;6.253
017;vs;61;f;315.9;0
017;vs;61;f;133.1;0
017;vs;61;f;133.2;0
017;vs;61;f;317.0;0
017;vs;61;f;82.8;0
017;vs;61;f;366.6;0
017;vs;61;f;100.0;0
017;vs;61;f;134.3;0
017;vs;61;f;199.2;0
017;vs;61;f;148.8;0
017;vs;61;f;116.4;0
017;vs;61;f;132.8;0
017;vs;61;f;82.6;0
017;vs;61;f;99.6;0
017;vs;61;f;1248.9;0
017;vs;61;f;149.6;0
017;vs;61;s;66.6;-2.267
017;vs;61;s;66.4;-1.782
017;vs;61;s;117.2;-19.643
017;vs;61;s;66.6;2.579
017;vs;61;s;66.6;-2.821
017;vs;61;s;49.4;1.199
017;vs;61;s;66.2;3.136
017;vs;61;s;65.3;5.758
017;vs;61;s;116.7;11.178
017;vs;61;s;67.6;3.093
017;vs;61;s;49.8;2.275
017;vs;61;s;100.0;5.353
017;vs;61;s;116.2;8.919
017;vs;61;s;50.8;2.018
017;vs;61;s;66.5;-22.78
017;vs;61;s;49.4;-1.242
017;vs;61;s;66.7;-1.88
017;vs;63;f;150.5;0
017;vs;63;f;83.1;0
017;vs;63;f;117.1;0
017;vs;63;f;99.3;0
017;vs;63;f;133.3;0
017;vs;63;f;100.3;0
017;vs;63;f;133.0;0
017;vs;63;f;266.3;0
017;vs;63;f;100.3;0
017;vs;63;f;82.3;0
017;vs;63;f;99.9;0
017;vs;63;f;133.2;0
017;vs;63;f;166.4;0
017;vs;63;f;216.2;0
017;vs;63;f;283.4;0
017;vs;63;f;82.9;0
017;vs;63;s;49.4;-1.366
017;vs;63;s;66.4;3.188
017;vs;63;s;133.4;4.936
017;vs;63;s;67.0;7.543
017;vs;63;s;50.7;1.585
017;vs;63;s;50.4;1.491
017;vs;63;s;83.3;4.719
017;vs;63;s;117.4;-7.77
017;vs;63;s;66.4;1.528
017;vs;63;s;84.4;4.083
017;vs;63;s;133.3;6.7
017;vs;63;s;116.4;5.108
017;vs;63;s;82.8;2.577
017;vs;63;s;116.8;-21.549
017;vs;63;s;49.9;-1.922
017;vs;63;s;134.2;7.52
017;vs;63;s;100.1;3.952
017;vs;64;f;333.3;0
017;vs;64;f;83.1;0
017;vs;64;f;99.7;0
017;vs;64;f;117.1;0
017;vs;64;f;99.2;0
017;vs;64;f;100.0;0
017;vs;64;f;100.2;0
017;vs;64;f;133.1;0
017;vs;64;f;183.6;0
017;vs;64;f;148.6;0
017;vs;64;f;116.3;0
017;vs;64;f;299.8;0
017;vs;64;f;149.2;0
017;vs;64;f;133.5;0
017;vs;64;f;116.0;0
017;vs;64;f;116.7;0
017;vs;64;f;99.7;0
017;vs;64;f;199.7;0
017;vs;64;f;300.0;0
017;vs;64;f;348.3;0
017;vs;64;f;1115.1;0
017;vs;64;s;49.6;0.491
017;vs;64;s;50.5;-1.215
017;vs;64;s;66.0;-3.006
017;vs;64;s;150.5;-21.56
017;vs;64;s;66.6;-1.98
017;vs;64;s;66.8;7.245
017;vs;64;s;66.5;-1.692
017;vs;64;s;50.4;-1.137
017;vs;64;s;133.6;6.524
017;vs;64;s;66.7;9.008
017;vs;64;s;50.5;3.609
017;vs;64;s;100.1;8.417
017;vs;64;s;49.8;2.679
017;vs;64;s;133.8;7.113
017;vs;64;s;66.6;2.789
017;vs;64;s;66.6;-3.723
017;vs;64;s;84.0;3.469
017;vs;64;s;50.2;0.545
017;vs;64;s;100.4;-24.061
017;vs;64;s;49.8;-1.274
017;vs;64;s;100.4;4.846
017;vs;64;s;49.3;-0.867
017;vs;64;s;66.5;-2.563
017;vs;64;s;51.5;-1.628
017;vs;64;s;117.1;-1.228
017;vs;64;s;66.5;3.112
017;vs;64;s;49.3;0.589
017;vs;65;f;99.8;0
017;vs;65;f;214.7;0
017;vs;65;f;182.4;0
017;vs;65;f;266.2;0
017;vs;65;f;133.1;0
017;vs;65;f;117.3;0
017;vs;65;f;114.6;0
017;vs;65;f;114.9;0
017;vs;65;f;99.8;0
017;vs;65;f;132.9;0
017;vs;65;f;99.6;0
017;vs;65;f;233.1;0
017;vs;65;f;599.2;0
017;vs;65;f;215.9;0
017;vs;65;s;66.5;4.173
017;vs;65;s;134.6;11.323
017;vs;65;s;50.6;-2.403
017;vs;65;s;82.8;3.345
017;vs;65;s;150.6;-16.203
017;vs;65;s;49.3;2.397
017;vs;65;s;134.3;10.286
017;vs;65;s;118.3;10.896
017;vs;65;s;117.0;4.138
017;vs;65;s;49.4;3.057
017;vs;65;s;82.8;3.213
017;vs;65;s;132.9;-21.101
017;vs;65;s;66.5;-1.299
017;vs;65;s;66.5;2.193
017;vs;65;s;50.9;-0.728
017;vs;66;f;166.4;0
017;vs;66;f;182.8;0
017;vs;66;f;531.8;0
017;vs;66;f;150.2;0
017;vs;66;f;166.8;0
017;vs;66;f;150.6;0
017;vs;66;f;81.4;0
017;vs;66;f;133.4;0
017;vs;66;f;149.6;0
017;vs;66;f;399.7;0
017;vs;66;f;100.0;0
017;vs;66;f;183.8;0
017;vs;66;f;183.7;0
017;vs;66;f;83.0;0
017;vs;66;f;116.8;0
017;vs;66;f;247.7;0
017;vs;66;f;466.8;0
017;vs;66;f;349.1;0
017;vs;66;s;66.5;-3.695
017;vs;66;s;49.4;-1.667
017;vs;66;s;82.7;-12.86
017;vs;66;s;48.4;-0.49
017;vs;66;s;116.6;20.65
017;vs;66;s;218.5;-0.914
017;vs;66;s;150.3;-20.44
017;vs;66;s;66.8;-3.098
017;vs;66;s;100.2;7.299
017;vs;66;s;66.8;5.113
017;vs;66;s;133.5;6.961
017;vs;66;s;101.0;8.718
017;vs;66;s;67.7;2.966
017;vs;66;s;49.5;2.24
017;vs;66;s;49.0;4.794
017;vs;66;s;50.4;2.153
017;vs;66;s;82.4;-22.767
017;vs;66;s;49.4;-1.021
017;vs;66;s;66.8;-2.493
017;vs;66;s;100.2;6.96
017;vs;66;s;49.2;-1.209
017;vs;66;s;50.3;2.87
017;vs;66;s;50.3;0.632
017;vs;67;f;366.6;0
017;vs;67;f;134.4;0
017;vs;67;f;117.3;0
017;vs;67;f;166.4;0
017;vs;67;f;217.4;0
017;vs;67;f;166.4;0
017;vs;67;f;133.3;0
017;vs;67;f;148.0;0
017;vs;67;f;115.8;0
017;vs;67;f;133.1;0
017;vs;67;f;82.3;0
017;vs;67;f;99.7;0
017;vs;67;f;117.0;0
017;vs;67;f;333.2;0
017;vs;67;f;350.4;0
017;vs;67;f;282.6;0
017;vs;67;s;50.7;-1.386
017;vs;67;s;150.1;-18.545
017;vs;67;s;50.5;2.162
017;vs;67;s;133.3;7.892
017;vs;67;s;50.5;0.75
017;vs;67;s;66.8;-3.582
017;vs;67;s;66.2;3.52
017;vs;67;s;66.5;7.721
017;vs;67;s;67.5;1.963
017;vs;67;s;49.4;1.297
017;vs;67;s;83.4;7.313
017;vs;67;s;66.8;4.979
017;vs;67;s;49.4;1.145
017;vs;67;s;117.7;-20.759
017;vs;67;s;66.7;-2.438
017;vs;67;s;133.3;7.311
017;vs;67;s;50.7;0.937
017;vs;69;f;150.8;0
017;vs;69;f;132.7;0
017;vs;69;f;99.3;0
017;vs;69;f;133.2;0
017;vs;69;f;115.3;0
017;vs;69;f;150.9;0
017;vs;69;f;133.3;0
017;vs;69;f;149.5;0
017;vs;69;f;132.7;0
017;vs;69;f;149.0;0
017;vs;69;f;150.5;0
017;vs;69;f;166.5;0
017;vs;69;f;199.8;0
017;vs;69;f;116.9;0
017;vs;69;f;615.7;0
017;vs;69;f;216.3;0
017;vs;69;f;133.2;0
017;vs;69;s;99.7;5.164
017;vs;69;s;84.3;3.204
017;vs;69;s;116.5;8.158
017;vs;69;s;49.9;-2.049
017;vs;69;s;83.0;9.336
017;vs;69;s;48.9;1.918
017;vs;69;s;66.2;5.036
017;vs;69;s;66.6;2.916
017;vs;69;s;49.7;4.053
017;vs;69;s;49.8;0.819
017;vs;69;s;134.2;-24.442
017;vs;69;s;84.1;-2.354
017;vs;69;s;49.8;3.77
017;vs;69;s;49.6;2.398
017;vs;69;s;49.2;2.031
017;vs;69;s;50.4;1.767
017;vs;69;s;66.9;1.509
017;vs;69;s;66.7;-2.585
017;vs;70;f;333.0;0
017;vs;70;f;133.3;0
017;vs;70;f;133.0;0
017;vs;70;f;117.6;0
017;vs;70;f;349.1;0
017;vs;70;f;82.4;0
017;vs;70;f;117.4;0
017;vs;70;f;83.9;0
017;vs;70;f;182.1;0
017;vs;70;f;217.1;0
017;vs;70;f;166.7;0
017;vs;70;f;166.8;0
017;vs;70;f;133.1;0
017;vs;70;f;117.0;0
017;vs;70;f;216.0;0
017;vs;70;f;99.9;0
017;vs;70;f;100.3;0
017;vs;70;f;415.6;0
017;vs;70;f;665.9;0
017;vs;70;f;82.9;0
017;vs;70;s;66.9;3.897
017;vs;70;s;150.5;-27.152
017;vs;70;s;50.5;-2.799
017;vs;70;s;50.1;6.61
017;vs;70;s;65.8;-6.716
017;vs;70;s;100.4;5.53
017;vs;70;s;48.5;0.944
017;vs;70;s;133.8;6.646
017;vs;70;s;49.3;1.684
017;vs;70;s;66.9;-3.403
017;vs;70;s;99.9;10.464
017;vs;70;s;82.3;7.294
017;vs;70;s;49.0;2.252
017;vs;70;s;82.7;6.073
017;vs;70;s;50.8;2.316
017;vs;70;s;101.0;-19.093
017;vs;70;s;66.5;-2.977
017;vs;70;s;100.0;7.813
017;vs;70;s;49.5;-1.429
017;vs;70;s;50.7;3.342
017;vs;70;s;50.2;1.133
017;vs;71;f;183.7;0
017;vs;71;f;166.4;0
017;vs;71;f;132.9;0
017;vs;71;f;83.3;0
017;vs;71;f;100.0;0
017;vs;71;f;232.4;0
017;vs;71;f;183.3;0
017;vs;71;f;132.8;0
017;vs;71;f;82.8;0
017;vs;71;f;99.7;0
017;vs;71;f;99.3;0
017;vs;71;f;266.3;0
017;vs;71;f;449.4;0
017;vs;71;f;549.7;0
017;vs;71;f;283.1;0
017;vs;71;s;66.2;5.232
017;vs;71;s;133.2;8.652
017;vs;71;s;83.2;4.747
017;vs;71;s;50.8;-1.55
017;vs;71;s;49.8;-1.561
017;vs;71;s;67.5;5.506
017;vs;71;s;116.3;7.667
017;vs;71;s;49.8;6.686
017;vs;71;s;49.8;0.775
017;vs;71;s;50.3;1.614
017;vs;71;s;50.4;1.045
017;vs;71;s;50.6;2.476
017;vs;71;s;100.1;4.978
017;vs;71;s;117.6;-25.058
017;vs;71;s;83.3;4.227
017;vs;72;f;366.1;0
017;vs;72;f;166.5;0
017;vs;72;f;84.9;0
017;vs;72;f;133.1;0
017;vs;72;f;148.9;0
017;vs;72;f;182.9;0
017;vs;72;f;115.9;0
017;vs;72;f;99.9;0
017;vs;72;f;166.0;0
017;vs;72;f;133.5;0
017;vs;72;f;166.3;0
017;vs;72;f;98.2;0
017;vs;72;f;114.5;0
017;vs;72;s;49.3;-0.99
017;vs;72;s;100.0;-19.083
017;vs;72;s;49.1;-2.07
017;vs;72;s;49.4;-0.615
017;vs;72;s;66.8;4.728
017;vs;72;s;66.4;10.661
017;vs;72;s;67.2;3.506
017;vs;72;s;66.3;-3.326
017;vs;72;s;117.5;-5.226
017;vs;72;s;50.6;1.703
017;vs;72;s;116.6;11.332
017;vs;72;s;82.6;4.066
017;vs;72;s;116.1;9.243
017;vs;72;s;49.5;1.28
017;vs;72;s;100.3;-22.361
017;vs;72;s;66.8;2.395
017;vs;72;s;50.2;1.482
017;vs;72;s;66.2;-1.637
017;vs;73;f;333.6;0
017;vs;73;f;149.5;0
017;vs;73;f;100.1;0
017;vs;73;f;148.9;0
017;vs;73;f;132.8;0
017;vs;73;f;100.2;0
017;vs;73;f;215.9;0
017;vs;73;f;83.8;0
017;vs;73;f;199.3;0
017;vs;73;f;166.9;0
017;vs;73;f;182.1;0
017;vs;73;f;133.0;0
017;vs;73;f;117.0;0
017;vs;73;f;133.0;0
017;vs;73;f;116.7;0
017;vs;73;f;82.3;0
017;vs;73;f;84.1;0
017;vs;73;f;82.9;0
017;vs;73;f;183.4;0
017;vs;73;f;398.0;0
017;vs;73;f;350.9;0
017;vs;73;s;49.6;-2.061
017;vs;73;s;149.7;-15.708
017;vs;73;s;66.7;-5.213
017;vs;73;s;66.9;-2.501
017;vs;73;s;84.4;3.16
017;vs;73;s;99.6;6.335
017;vs;73;s;116.8;5.527
017;vs;73;s;66.9;-6.1
017;vs;73;s;49.2;1.871
017;vs;73;s;66.6;2.539
017;vs;73;s;49.2;-4.063
017;vs;73;s;116.5;14.895
017;vs;73;s;66.4;-3.005
017;vs;73;s;50.9;0.849
017;vs;73;s;117.3;-12.491
017;vs;73;s;49.5;2.176
017;vs;73;s;116.3;12.768
017;vs;73;s;49.7;4.273
017;vs;73;s;84.2;4.597
017;vs;73;s;67.6;3.409
017;vs;73;s;49.4;1.514
017;vs;73;s;66.5;1.907
017;vs;73;s;149.7;-23.125
017;vs;74;f;349.7;0
017;vs;74;f;200.1;0
017;vs;74;f;84.0;0
017;vs;74;f;115.7;0
017;vs;74;f;84.1;0
017;vs;74;f;100.1;0
017;vs;74;f;433.1;0
017;vs;74;f;166.1;0
017;vs;74;f;116.0;0
017;vs;74;f;166.1;0
017;vs;74;f;200.0;0
017;vs;74;f;133.0;0
017;vs;74;f;116.1;0
017;vs;74;f;149.3;0
017;vs;74;f;283.9;0
017;vs;74;s;82.3;-3.271
017;vs;74;s;50.0;-1.022
017;vs;74;s;150.7;-18.629
017;vs;74;s;49.3;1.578
017;vs;74;s;49.2;0.642
017;vs;74;s;49.2;3.426
017;vs;74;s;100.4;-5.38
017;vs;74;s;50.2;4.312
017;vs;74;s;66.7;1.707
017;vs;74;s;66.8;5.749
017;vs;74;s;100.5;6.585
017;vs;74;s;51.1;7.993
017;vs;74;s;99.9;5.712
017;vs;74;s;84.1;4.884
017;vs;74;s;100.0;3.856
017;vs;74;s;48.5;-6.832
017;vs;74;s;83.1;-9.001
017;vs;76;f;150.4;0
017;vs;76;f;432.2;0
017;vs;76;f;266.4;0
017;vs;76;f;166.5;0
017;vs;76;f;166.5;0
017;vs;76;f;166.7;0
017;vs;76;f;116.6;0
017;vs;76;f;166.3;0
017;vs;76;f;82.8;0
017;vs;76;f;100.0;0
017;vs;76;f;83.5;0
017;vs;76;f;133.2;0
017;vs;76;f;249.3;0
017;vs;76;f;166.6;0
017;vs;76;f;199.8;0
017;vs;76;f;415.9;0
017;vs;76;f;116.1;0
017;vs;76;f;116.3;0
017;vs;76;s;66.7;7.134
017;vs;76;s;149.3;8.433
017;vs;76;s;49.4;-0.831
017;vs;76;s;83.9;6.749
017;vs;76;s;84.2;3.874
017;vs;76;s;50.3;3.088
017;vs;76;s;50.3;-2.869
017;vs;76;s;66.9;10.694
017;vs;76;s;66.9;3.049
017;vs;76;s;66.3;4.568
017;vs;76;s;99.9;-25.642
017;vs;76;s;83.5;-2.542
017;vs;76;s;66.8;7.688
017;vs;76;s;50.5;1.117
017;vs;76;s;50.3;-1.366
017;vs;76;s;49.4;1.596
017;vs;77;f;383.6;0
017;vs;77;f;117.3;0
017;vs;77;f;133.2;0
017;vs;77;f;83.4;0
017;vs;77;f;116.5;0
017;vs;77;f;116.6;0
017;vs;77;f;166.7;0
017;vs;77;f;116.2;0
017;vs;77;f;83.1;0
017;vs;77;f;216.9;0
017;vs;77;f;149.8;0
017;vs;77;f;166.6;0
017;vs;77;f;82.2;0
017;vs;77;s;49.4;0.837
017;vs;77;s;82.8;3.08
017;vs;77;s;83.4;5.378
017;vs;77;s;83.0;4.002
017;vs;77;s;49.6;1.705
017;vs;77;s;50.2;2.959
017;vs;77;s;66.4;8.927
017;vs;77;s;133.1;6.828
017;vs;77;s;66.6;4.732
017;vs;77;s;66.8;-22.241
017;vs;77;s;50.6;-2.123
017;vs;77;s;66.4;1.424
017;vs;77;s;82.5;2.356
017;vs;77;s;51.0;2.238
017;vs;78;f;333.3;0
017;vs;78;f;99.9;0
017;vs;78;f;298.7;0
017;vs;78;f;133.4;0
017;vs;78;f;83.6;0
017;vs;78;f;215.9;0
017;vs;78;f;99.7;0
017;vs;78;f;150.0;0
017;vs;78;f;117.2;0
017;vs;78;f;148.7;0
017;vs;78;f;200.2;0
017;vs;78;f;99.0;0
017;vs;78;f;150.5;0
017;vs;78;f;82.9;0
017;vs;78;f;149.0;0
017;vs;78;f;217.2;0
017;vs;78;s;133.5;-5.287
017;vs;78;s;66.9;2.874
017;vs;78;s;150.4;-20.729
017;vs;78;s;50.4;-0.858
017;vs;78;s;49.7;7.503
017;vs;78;s;49.7;-1.124
017;vs;78;s;66.8;4.124
017;vs;78;s;99.6;9.79
017;vs;78;s;100.4;6.182
017;vs;78;s;84.2;6.172
017;vs;78;s;51.1;6.22
017;vs;78;s;49.7;0.898
017;vs;78;s;117.8;-22.332
017;vs;78;s;49.6;-1.979
017;vs;78;s;83.8;5.676
017;vs;79;f;115.9;0
017;vs;79;f;166.5;0
017;vs;79;f;299.9;0
017;vs;79;f;100.2;0
017;vs;79;f;233.0;0
017;vs;79;f;166.8;0
017;vs;79;f;99.5;0
017;vs;79;f;149.1;0
017;vs;79;f;117.1;0
017;vs;79;f;166.6;0
017;vs;79;f;150.3;0
017;vs;79;f;99.4;0
017;vs;79;f;82.8;0
017;vs;79;f;115.6;0
017;vs;79;f;516.9;0
017;vs;79;f;250.7;0
017;vs;79;f;149.6;0
017;vs;79;f;183.4;0
017;vs;79;f;317.1;0
017;vs;79;s;49.5;0.802
017;vs;79;s;50.5;-1.303
017;vs;79;s;66.4;-20.026
017;vs;79;s;49.1;-1.129
017;vs;79;s;66.4;-1.878
017;vs;79;s;66.7;4.863
017;vs;79;s;115.9;6.023
017;vs;79;s;99.8;8.689
017;vs;79;s;49.6;1.343
017;vs;79;s;82.8;4.102
017;vs;79;s;132.9;7.254
017;vs;79;s;66.7;2.252
017;vs;79;s;66.7;-4.755
017;vs;79;s;49.5;-1.09
017;vs;79;s;133.9;5.688
017;vs;79;s;66.5;2.268
017;vs;79;s;100.2;4.744
017;vs;79;s;133.6;-21.106
017;vs;79;s;99.8;19.509
017;vs;79;s;82.7;-4.745
017;vs;79;s;117.0;-15.425
017;vs;80;f;383.6;0
017;vs;80;f;199.4;0
017;vs;80;f;83.8;0
017;vs;80;f;149.1;0
017;vs;80;f;133.3;0
017;vs;80;f;166.0;0
017;vs;80;f;150.5;0
017;vs;80;f;133.6;0
017;vs;80;f;81.8;0
017;vs;80;f;132.0;0
017;vs;80;f;99.3;0
017;vs;80;f;99.5;0
017;vs;80;f;316.8;0
017;vs;80;f;266.6;0
017;vs;80;f;599.9;0
017;vs;80;s;49.1;2.451
017;vs;80;s;150.6;-23.75
017;vs;80;s;50.7;-1.557
017;vs;80;s;82.4;3.242
017;vs;80;s;66.6;4.493
017;vs;80;s;83.5;6.572
017;vs;80;s;83.6;9.255
017;vs;80;s;49.2;-1.411
017;vs;80;s;101.1;11.763
017;vs;80;s;100.9;5.549
017;vs;80;s;84.2;4.649
017;vs;80;s;134.2;-25.099
017;vs;80;s;100.2;5.488
017;vs;81;f;383.8;0
017;vs;81;f;133.3;0
017;vs;81;f;233.2;0
017;vs;81;f;217.1;0
017;vs;81;f;100.4;0
017;vs;81;f;182.6;0
017;vs;81;f;117.3;0
017;vs;81;f;117.0;0
017;vs;81;f;82.9;0
017;vs;81;f;266.1;0
017;vs;81;f;133.4;0
017;vs;81;f;232.6;0
017;vs;81;f;165.9;0
017;vs;81;s;66.4;-1.934
017;vs;81;s;149.2;-21.407
017;vs;81;s;66.7;-2.848
017;vs;81;s;49.7;1.198
017;vs;81;s;49.8;1.964
017;vs;81;s;65.8;4.809
017;vs;81;s;66.5;5.387
017;vs;81;s;50.2;1.974
017;vs;81;s;82.7;-4.723
017;vs;81;s;100.0;7.702
017;vs;81;s;49.5;1.261
017;vs;81;s;66.8;4.317
017;vs;81;s;49.7;4.311
017;vs;81;s;51.2;7.257
017;vs;81;s;100.0;2.969
017;vs;81;s;66.4;4.061
017;vs;81;s;82.7;-23.833
017;vs;81;s;50.7;-1.663
017;vs;81;s;133.8;6.493
017;vs;81;s;116.6;6.923
017;vs;83;f;199.9;0
017;vs;83;f;83.9;0
017;vs;83;f;116.0;0
017;vs;83;f;99.5;0
017;vs;83;f;133.2;0
017;vs;83;f;149.1;0
017;vs;83;f;217.6;0
017;vs;83;f;148.9;0
017;vs;83;f;133.3;0
017;vs;83;f;99.9;0
017;vs;83;f;116.3;0
017;vs;83;f;150.8;0
017;vs;83;f;148.5;0
017;vs;83;f;117.2;0
017;vs;83;f;166.0;0
017;vs;83;f;150.4;0
017;vs;83;f;133.5;0
017;vs;83;f;114.6;0
017;vs;83;f;81.7;0
017;vs;83;s;50.9;-1.465
017;vs;83;s;117.1;-23.875
017;vs;83;s;50.5;-0.637
017;vs;83;s;83.8;4.183
017;vs;83;s;117.4;3.754
017;vs;83;s;48.9;-2.244
017;vs;83;s;49.3;-1.411
017;vs;83;s;66.6;2.91
017;vs;83;s;48.9;0.455
017;vs;83;s;99.9;8.236
017;vs;83;s;50.5;1.599
017;vs;83;s;100.0;8.309
017;vs;83;s;66.5;-2.071
017;vs;83;s;99.8;9.271
017;vs;83;s;66.6;4.238
017;vs;83;s;66.5;3.122
017;vs;83;s;149.1;-28.16
017;vs;83;s;116.5;7.525
017;vs;83;s;49.8;3.855
017;vs;83;s;67.6;3.651
017;vs;84;f;515.6;0
017;vs;84;f;133.1;0
017;vs;84;f;166.5;0
017;vs;84;f;133.2;0
017;vs;84;f;316.4;0
017;vs;84;f;265.3;0
017;vs;84;f;83.8;0
017;vs;84;f;249.5;0
017;vs;84;f;166.4;0
017;vs;84;f;117.1;0
017;vs;84;f;117.4;0
017;vs;84;f;116.0;0
017;vs;84;f;166.2;0
017;vs;84;f;116.3;0
017;vs;84;f;148.8;0
017;vs;84;f;183.7;0
017;vs;84;f;166.6;0
017;vs;84;f;133.1;0
017;vs;84;s;150.6;-23.075
017;vs;84;s;99.8;6.289
017;vs;84;s;116.9;9.734
017;vs;84;s;49.3;6.28
017;vs;84;s;150.1;-14.667
017;vs;84;s;49.5;-1.801
017;vs;84;s;50.3;-1.169
017;vs;84;s;50.2;1.469
017;vs;84;s;100.0;10.32
017;vs;84;s;51.5;8.399
017;vs;84;s;66.8;3.333
017;vs;84;s;50.4;1.527
017;vs;84;s;66.5;4.157
017;vs;84;s;66.7;2.947
017;vs;84;s;83.9;2.805
017;vs;84;s;82.4;-25.828
017;vs;84;s;49.6;-1.789
017;vs;84;s;100.1;5.976
017;vs;84;s;66.5;3.613
017;vs;84;s;66.8;1.838
017;vs;86;f;84.0;0
017;vs;86;f;99.7;0
017;vs;86;f;167.6;0
017;vs;86;f;133.2;0
017;vs;86;f;415.9;0
017;vs;86;f;133.0;0
017;vs;86;f;116.3;0
017;vs;86;f;116.0;0
017;vs;86;f;166.6;0
017;vs;86;f;216.9;0
017;vs;86;f;82.6;0
017;vs;86;f;332.5;0
017;vs;86;f;84.4;0
017;vs;86;f;100.1;0
017;vs;86;f;99.8;0
017;vs;86;s;50.2;-1.089
017;vs;86;s;117.2;-18.288
017;vs;86;s;66.7;-1.478
017;vs;86;s;81.9;5.926
017;vs;86;s;51.0;1.657
017;vs;86;s;83.7;6.127
017;vs;86;s;117.1;8.207
017;vs;86;s;50.3;2.08
017;vs;86;s;116.8;8.377
017;vs;86;s;66.6;2.809
017;vs;86;s;66.8;-3.692
017;vs;86;s;50.5;-0.632
017;vs;86;s;49.7;3.475
017;vs;86;s;133.4;6.406
017;vs;86;s;100.2;-23.965
017;vs;86;s;134.2;22.051
017;vs;86;s;49.1;1.307
017;vs;86;s;100.0;-6.541
017;vs;86;s;100.3;-3.357
017;vs;87;f;450.1;0
017;vs;87;f;132.8;0
017;vs;87;f;99.9;0
017;vs;87;f;166.4;0
017;vs;87;f;98.9;0
017;vs;87;f;150.3;0
017;vs;87;f;99.4;0
017;vs;87;f;183.4;0
017;vs;87;f;149.0;0
017;vs;87;f;148.8;0
017;vs;87;f;117.2;0
017;vs;87;f;117.0;0
017;vs;87;f;116.4;0
017;vs;87;s;116.4;8.661
017;vs;87;s;99.6;11.199
017;vs;87;s;66.6;-2.454
017;vs;87;s;66.7;3.161
017;vs;87;s;67.6;3.909
017;vs;87;s;49.5;0.765
017;vs;87;s;66.6;3.789
017;vs;87;s;67.4;-3.437
017;vs;87;s;66.6;4.232
017;vs;87;s;133.2;8.368
017;vs;87;s;84.0;-19.606
017;vs;87;s;66.3;-2.226
017;vs;87;s;100.0;5.153
017;vs;88;f;82.8;0
017;vs;88;f;217.2;0
017;vs;88;f;166.7;0
017;vs;88;f;100.3;0
017;vs;88;f;117.3;0
017;vs;88;f;166.6;0
017;vs;88;f;133.1;0
017;vs;88;f;166.3;0
017;vs;88;f;166.6;0
017;vs;88;f;150.4;0
017;vs;88;f;199.8;0
017;vs;88;f;133.0;0
017;vs;88;f;732.5;0
017;vs;88;f;215.9;0
017;vs;88;f;82.5;0
017;vs;88;s;49.5;-0.769
017;vs;88;s;50.6;-1.427
017;vs;88;s;99.8;5.803
017;vs;88;s;67.4;2.467
017;vs;88;s;48.9;0.561
017;vs;88;s;83.2;5.259
017;vs;88;s;99.8;4.947
017;vs;88;s;50.2;1.661
017;vs;88;s;117.2;8.085
017;vs;88;s;83.2;3.669
017;vs;88;s;66.9;-2.278
017;vs;88;s;133.3;-18.136
017;vs;88;s;66.7;2.446
017;vs;88;s;66.4;2.755
017;vs;88;s;49.9;2.754
017;vs;88;s;83.4;-0.713
017;vs;90;f;166.1;0
017;vs;90;f;282.7;0
017;vs;90;f;83.4;0
017;vs;90;f;99.2;0
017;vs;90;f;150.5;0
017;vs;90;f;133.1;0
017;vs;90;f;99.5;0
017;vs;90;f;82.4;0
017;vs;90;f;149.6;0
017;vs;90;f;149.4;0
017;vs;90;f;299.7;0
017;vs;90;f;482.3;0
017;vs;90;f;117.1;0
017;vs;90;s;66.9;3.622
017;vs;90;s;49.1;2.911
017;vs;90;s;83.8;3.032
017;vs;90;s;99.8;4.56
017;vs;90;s;100.5;5.448
017;vs;90;s;50.5;-1.803
017;vs;90;s;134.4;8.901
017;vs;90;s;49.9;3.392
017;vs;90;s;49.4;0.575
017;vs;90;s;51.0;2.009
017;vs;90;s;66.3;4.911
017;vs;90;s;132.8;-24.835
017;vs;90;s;116.2;6.738
017;vs;90;s;50.6;-1.408
017;vs;90;s;83.1;4.341
017;vs;90;s;49.1;2.532
017;vs;91;f;133.6;0
017;vs;91;f;132.9;0
017;vs;91;f;166.7;0
017;vs;91;f;249.1;0
017;vs;91;f;99.3;0
017;vs;91;f;99.7;0
017;vs;91;f;115.6;0
017;vs;91;f;116.8;0
017;vs;91;f;149.5;0
017;vs;91;f;100.0;0
017;vs;91;f;133.3;0
017;vs;91;f;149.1;0
017;vs;91;f;533.1;0
017;vs;91;f;117.1;0
017;vs;91;f;465.7;0
017;vs;91;f;266.4;0
017;vs;91;f;332.8;0
017;vs;91;f;417.0;0
017;vs;91;f;98.2;0
017;vs;91;f;82.7;0
017;vs;91;f;266.5;0
017;vs;91;f;382.6;0
017;vs;91;f;450.1;0
017;vs;91;s;66.6;3.73
017;vs;91;s;82.9;7.268
017;vs;91;s;133.2;6.065
017;vs;91;s;50.7;-1.317
017;vs;91;s;49.1;3.023
017;vs;91;s;66.8;3.051
017;vs;91;s;116.2;8.972
017;vs;91;s;83.7;3.199
017;vs;91;s;117.7;-22.6
017;vs;91;s;100.5;-4.321
017;vs;91;s;116.5;10.186
017;vs;91;s;100.1;7.962
017;vs;91;s;84.1;-2.776
017;vs;91;s;66.3;2.694
017;vs;91;s;50.0;1.025
017;vs;91;s;50.6;0.941
017;vs;91;s;50.7;1.444
017;vs;91;s;50.6;-1.605
017;vs;91;s;66.9;-1.29
017;vs;91;s;50.9;1.435
017;vs;91;s;50.2;-1.932
017;vs;91;s;49.6;1.862
017;vs;92;f;0;0;0;0
017;vs;92;s;0;0;0
017;vs;93;f;183.8;0
017;vs;93;f;232.4;0
017;vs;93;f;82.9;0
017;vs;93;f;99.9;0
017;vs;93;f;565.8;0
017;vs;93;f;117.2;0
017;vs;93;f;333.1;0
017;vs;93;f;133.3;0
017;vs;93;f;133.6;0
017;vs;93;f;82.3;0
017;vs;93;f;351.7;0
017;vs;93;f;199.1;0
017;vs;93;f;116.1;0
017;vs;93;f;98.7;0
017;vs;93;f;99.7;0
017;vs;93;f;99.5;0
017;vs;93;f;99.6;0
017;vs;93;f;82.9;0
017;vs;93;f;117.5;0
017;vs;93;f;149.2;0
017;vs;93;f;133.2;0
017;vs;93;f;233.4;0
017;vs;93;f;750.4;0
017;vs;93;s;100.5;12.381
017;vs;93;s;116.6;8.094
017;vs;93;s;117.6;-21.018
017;vs;93;s;66.9;-1.697
017;vs;93;s;67.0;3.389
017;vs;93;s;49.2;-3.587
017;vs;93;s;49.2;1.227
017;vs;93;s;49.4;1.046
017;vs;93;s;150.6;19.903
017;vs;93;s;150.4;-20.578
017;vs;93;s;66.1;-2.086
017;vs;93;s;100.3;3.641
017;vs;93;s;100.3;5.897
017;vs;93;s;50.8;3.287
017;vs;93;s;134.4;8.719
017;vs;93;s;116.3;7.575
017;vs;93;s;116.4;9.346
017;vs;93;s;49.6;3.722
017;vs;93;s;83.1;4.245
017;vs;93;s;48.9;-10.445
017;vs;93;s;83.1;-9.734
017;vs;93;s;66.4;2.21
017;vs;93;s;82.5;-15.761
017;vs;93;s;49.2;-1.096
017;vs;93;s;82.1;-5.582
017;vs;93;s;99.9;21.531
017;vs;93;s;66.7;1.925
017;vs;93;s;49.3;0.679
017;vs;94;f;315.9;0
017;vs;94;f;116.8;0
017;vs;94;f;115.5;0
017;vs;94;f;199.9;0
017;vs;94;f;84.6;0
017;vs;94;f;199.9;0
017;vs;94;f;166.6;0
017;vs;94;f;84.0;0
017;vs;94;f;100.3;0
017;vs;94;f;150.3;0
017;vs;94;f;215.2;0
017;vs;94;f;166.3;0
017;vs;94;f;98.8;0
017;vs;94;f;149.1;0
017;vs;94;f;699.5;0
017;vs;94;f;166.4;0
017;vs;94;f;115.7;0
017;vs;94;s;50.4;-2.973
017;vs;94;s;49.2;3.751
017;vs;94;s;134.5;-24.447
017;vs;94;s;66.4;1.887
017;vs;94;s;49.2;5.061
017;vs;94;s;66.6;3.023
017;vs;94;s;133.1;6.64
017;vs;94;s;82.7;3.09
017;vs;94;s;100.1;6.194
017;vs;94;s;84.3;8.059
017;vs;94;s;49.3;4.253
017;vs;94;s;118.4;-22.948
017;vs;94;s;66.6;-1.57
017;vs;94;s;51.7;2.231
017;vs;94;s;66.7;3.392
017;vs;94;s;50.7;1.332
017;vs;94;s;66.5;-1.395
017;vs;94;s;49.2;0.881
017;vs;94;s;66.3;-1.851
017;vs;94;s;50.7;0.854
017;vs;96;f;166.4;0
017;vs;96;f;133.4;0
017;vs;96;f;148.5;0
017;vs;96;f;150.8;0
017;vs;96;f;83.8;0
017;vs;96;f;166.5;0
017;vs;96;f;149.2;0
017;vs;96;f;133.3;0
017;vs;96;f;184.1;0
017;vs;96;f;82.9;0
017;vs;96;f;184.4;0
017;vs;96;f;132.8;0
017;vs;96;f;83.8;0
017;vs;96;f;165.9;0
017;vs;96;f;565.4;0
017;vs;96;f;199.8;0
017;vs;96;f;166.7;0
017;vs;96;f;149.3;0
017;vs;96;f;199.8;0
017;vs;96;f;166.7;0
017;vs;96;s;50.2;0.479
017;vs;96;s;82.4;-3.384
017;vs;96;s;66.8;4.606
017;vs;96;s;149.5;6.766
017;vs;96;s;133.2;6.594
017;vs;96;s;66.6;1.839
017;vs;96;s;49.5;-2.658
017;vs;96;s;116.2;10.578
017;vs;96;s;100.0;8.169
017;vs;96;s;66.8;2.593
017;vs;96;s;50.1;2.212
017;vs;96;s;100.8;-24.914
017;vs;96;s;48.5;-2.879
017;vs;96;s;49.4;4.752
017;vs;96;s;66.5;3.475
017;vs;96;s;66.5;-2.123
017;vs;96;s;49.2;1.985
017;vs;96;s;83.5;1.346
017;vs;96;s;49.4;-1.006
017;vs;96;s;66.9;3.076
017;vs;96;s;50.5;-2.657
017;vs;97;f;299.8;0
017;vs;97;f;133.1;0
017;vs;97;f;233.1;0
017;vs;97;f;117.1;0
017;vs;97;f;165.7;0
017;vs;97;f;82.7;0
017;vs;97;f;166.8;0
017;vs;97;f;183.1;0
017;vs;97;f;149.8;0
017;vs;97;f;133.3;0
017;vs;97;f;349.1;0
017;vs;97;f;149.0;0
017;vs;97;f;266.3;0
017;vs;97;f;83.0;0
017;vs;97;s;50.4;-1.544
017;vs;97;s;150.7;-22.089
017;vs;97;s;116.8;8.319
017;vs;97;s;133.2;8.393
017;vs;97;s;116.9;7.686
017;vs;97;s;50.2;2.877
017;vs;97;s;66.5;3.784
017;vs;97;s;66.0;-3.223
017;vs;97;s;49.6;3.164
017;vs;97;s;133.2;5.281
017;vs;97;s;83.7;5.174
017;vs;97;s;134.1;-21.634
017;vs;97;s;66.8;-2.283
017;vs;98;f;316.0;0
017;vs;98;f;199.5;0
017;vs;98;f;183.0;0
017;vs;98;f;198.6;0
017;vs;98;f;148.9;0
017;vs;98;f;149.7;0
017;vs;98;f;149.8;0
017;vs;98;f;149.5;0
017;vs;98;f;149.2;0
017;vs;98;f;84.0;0
017;vs;98;f;133.3;0
017;vs;98;f;166.3;0
017;vs;98;f;117.0;0
017;vs;98;f;532.5;0
017;vs;98;f;100.3;0
017;vs;98;f;82.1;0
017;vs;98;f;566.2;0
017;vs;98;f;199.8;0
017;vs;98;f;99.8;0
017;vs;98;s;50.3;1.351
017;vs;98;s;50.4;0.567
017;vs;98;s;84.2;-22.228
017;vs;98;s;50.2;1.45
017;vs;98;s;51.8;2.333
017;vs;98;s;66.5;4.075
017;vs;98;s;134.1;8.529
017;vs;98;s;100.4;-7.935
017;vs;98;s;116.6;8.115
017;vs;98;s;133.7;8.484
017;vs;98;s;66.6;4.161
017;vs;98;s;82.8;6.747
017;vs;98;s;99.5;4.146
017;vs;98;s;83.8;-20.839
017;vs;98;s;50.1;-1.748
017;vs;98;s;83.4;-3.874
017;vs;98;s;67.1;6.984
017;vs;98;s;99.7;-4.114
017;vs;98;s;117.8;4.685
017;vs;98;s;50.6;-0.993
017;vs;98;s;50.7;1.298
017;vs;99;f;515.9;0
017;vs;99;f;199.7;0
017;vs;99;f;133.1;0
017;vs;99;f;166.9;0
017;vs;99;f;133.0;0
017;vs;99;f;82.6;0
017;vs;99;f;83.3;0
017;vs;99;f;133.0;0
017;vs;99;f;183.8;0
017;vs;99;f;133.1;0
017;vs;99;f;100.0;0
017;vs;99;f;283.3;0
017;vs;99;f;166.6;0
017;vs;99;f;199.6;0
017;vs;99;f;150.5;0
017;vs;99;s;166.4;-23.135
017;vs;99;s;66.8;3.192
017;vs;99;s;66.9;3.16
017;vs;99;s;83.0;4.161
017;vs;99;s;115.9;4.413
017;vs;99;s;84.2;-4.463
017;vs;99;s;116.3;9.444
017;vs;99;s;67.2;4.337
017;vs;99;s;116.1;6.854
017;vs;99;s;50.8;4.963
017;vs;99;s;100.1;-23.933
017;vs;99;s;82.6;4.04
017;vs;99;s;50.6;1.477
